"first_name","last_name","career_aspiration","physics_score","rank_in_career"
"Jordan","Sheppard","Accountant",100,"1"
"Kristen","Werner","Accountant",100,"1"
"Vanessa","Martinez","Accountant",100,"1"
"Anthony","Jackson","Accountant",100,"1"
"Jeffrey","Blanchard","Accountant",99,"5"
"Wanda","Baxter","Accountant",99,"5"
"Monica","Williams","Accountant",99,"5"
"Timothy","Bryant","Accountant",98,"8"
"Jeffrey","Miller","Accountant",98,"8"
"Sara","Johnson","Accountant",97,"10"
"Katelyn","Watkins","Accountant",97,"10"
"Dustin","Dodson","Accountant",97,"10"
"Erin","Kelley","Accountant",97,"10"
"Jasmine","Clark","Accountant",97,"10"
"Michael","Arnold","Accountant",97,"10"
"Andrew","Stanley","Accountant",96,"16"
"Emma","Jones","Accountant",96,"16"
"Anita","Carter","Accountant",96,"16"
"John","Brown","Accountant",95,"19"
"Patrick","Parker","Accountant",95,"19"
"Dylan","Edwards","Accountant",95,"19"
"Emma","Morris","Accountant",95,"19"
"Kimberly","Wood","Accountant",95,"19"
"Christopher","Hines","Accountant",94,"24"
"Rachel","Jones","Accountant",94,"24"
"Jennifer","White","Accountant",94,"24"
"Melissa","Brown","Accountant",93,"27"
"Amanda","Hawkins","Accountant",93,"27"
"Emily","Bell","Accountant",92,"29"
"Matthew","Boyd","Accountant",92,"29"
"Tracey","Turner","Accountant",92,"29"
"Christopher","Cohen","Accountant",92,"29"
"Victor","Phillips","Accountant",92,"29"
"Allison","Alvarado","Accountant",91,"34"
"Natalie","Smith","Accountant",91,"34"
"Nicole","Daniel","Accountant",91,"34"
"Alan","Mcgrath","Accountant",91,"34"
"Michelle","Reeves","Accountant",90,"38"
"Sonia","Noble","Accountant",90,"38"
"Rhonda","Smith","Accountant",90,"38"
"Steven","Lewis","Accountant",90,"38"
"Betty","Nguyen","Accountant",90,"38"
"Ryan","Hensley","Accountant",90,"38"
"Gabriel","Wilson","Accountant",89,"44"
"Mark","Delgado","Accountant",89,"44"
"Rhonda","Webster","Accountant",89,"44"
"Mario","Hopkins","Accountant",88,"47"
"Harry","Hunter","Accountant",87,"48"
"Richard","Davis","Accountant",87,"48"
"Tristan","Martinez","Accountant",86,"50"
"Matthew","Conway","Accountant",86,"50"
"Lori","Jacobson","Accountant",86,"50"
"Tyler","Scott","Accountant",86,"50"
"Phillip","Bennett","Accountant",86,"50"
"Christopher","Fleming","Accountant",86,"50"
"James","Ray","Accountant",85,"56"
"Stacy","Collins","Accountant",85,"56"
"Nicole","Smith","Accountant",85,"56"
"Amanda","Evans","Accountant",84,"59"
"Pamela","Wilkinson","Accountant",84,"59"
"Loretta","Webb","Accountant",84,"59"
"Jennifer","Burgess","Accountant",84,"59"
"Jacqueline","Frazier","Accountant",84,"59"
"Zachary","Burns","Accountant",83,"64"
"Barbara","Schneider","Accountant",83,"64"
"Phillip","Allen","Accountant",82,"66"
"Joseph","Griffin","Accountant",82,"66"
"James","Simpson","Accountant",82,"66"
"Andrew","Olson","Accountant",81,"69"
"Maria","Nguyen","Accountant",80,"70"
"Ashley","Green","Accountant",80,"70"
"Mario","Taylor","Accountant",80,"70"
"Karen","Spencer","Accountant",80,"70"
"Ronald","Diaz","Accountant",79,"74"
"Barbara","Andrews","Accountant",78,"75"
"Mark","Mathews","Accountant",78,"75"
"Donald","Fischer","Accountant",78,"75"
"Robert","Hartman","Accountant",78,"75"
"Katelyn","Moses","Accountant",78,"75"
"Robert","Mayer","Accountant",77,"80"
"Kayla","Schwartz","Accountant",77,"80"
"Theodore","Gomez","Accountant",76,"82"
"Paul","Serrano","Accountant",76,"82"
"Jason","Vazquez","Accountant",76,"82"
"Anthony","Peterson","Accountant",76,"82"
"David","Jennings","Accountant",74,"86"
"Toni","Zimmerman","Accountant",74,"86"
"Steven","Hernandez","Accountant",73,"88"
"Diana","Long","Accountant",73,"88"
"Erica","Woodward","Accountant",73,"88"
"Patrick","Martin","Accountant",72,"91"
"Thomas","Schroeder","Accountant",72,"91"
"Lisa","Brown","Accountant",72,"91"
"Jennifer","Bautista","Accountant",71,"94"
"Corey","Merritt","Accountant",71,"94"
"Natasha","Morales","Accountant",71,"94"
"Michael","Smith","Accountant",69,"97"
"Kristopher","Murray","Accountant",69,"97"
"David","Bradford","Accountant",69,"97"
"Ryan","Cruz","Accountant",68,"100"
"Cody","Smith","Accountant",68,"100"
"Alejandra","Johns","Accountant",68,"100"
"Heather","Brooks","Accountant",68,"100"
"James","Bryant","Accountant",67,"104"
"Susan","Gonzalez","Accountant",67,"104"
"Angela","Collins","Accountant",67,"104"
"Courtney","Moran","Accountant",66,"107"
"Christopher","Taylor","Accountant",66,"107"
"Jaime","White","Accountant",66,"107"
"Matthew","Green","Accountant",65,"110"
"Aaron","Mcdaniel","Accountant",65,"110"
"Mary","Garza","Accountant",65,"110"
"Gabriella","Pierce","Accountant",64,"113"
"Laura","Stone","Accountant",64,"113"
"Robert","Campbell","Accountant",64,"113"
"Samantha","Alvarado","Accountant",64,"113"
"Samantha","Alexander","Accountant",62,"117"
"Michael","Wilson","Accountant",61,"118"
"Linda","Munoz","Accountant",61,"118"
"Kimberly","Herrera","Accountant",61,"118"
"Carol","Hill","Accountant",61,"118"
"Eugene","Clark","Accountant",60,"122"
"Robert","Mccall","Accountant",60,"122"
"Diana","Russo","Accountant",60,"122"
"Christina","Davis","Accountant",60,"122"
"Tiffany","Small","Accountant",60,"122"
"Timothy","Powell","Artist",100,"1"
"Elizabeth","Smith","Artist",99,"2"
"Derrick","Melton","Artist",98,"3"
"Rhonda","Jones","Artist",98,"3"
"Eric","Jones","Artist",98,"3"
"Thomas","Odom","Artist",97,"6"
"Jeremy","Bailey","Artist",97,"6"
"Robert","Hancock","Artist",97,"6"
"Cassandra","Flores","Artist",96,"9"
"Mary","Bird","Artist",95,"10"
"Susan","Lynch","Artist",93,"11"
"William","Patterson","Artist",92,"12"
"Katrina","Montgomery","Artist",91,"13"
"Rebecca","Roman","Artist",91,"13"
"Gina","Kennedy","Artist",90,"15"
"April","Ryan","Artist",90,"15"
"Erica","Lopez","Artist",89,"17"
"Rebecca","Pearson","Artist",89,"17"
"Sherry","Brown","Artist",88,"19"
"Tara","Clark","Artist",88,"19"
"Angel","Williams","Artist",88,"19"
"Holly","Henderson","Artist",87,"22"
"Mark","Padilla","Artist",86,"23"
"Ryan","Long","Artist",85,"24"
"Cindy","Bradley","Artist",85,"24"
"Natasha","Hansen","Artist",84,"26"
"Amanda","Padilla","Artist",84,"26"
"Michael","Clark","Artist",83,"28"
"Chad","Morgan","Artist",82,"29"
"Jeremiah","Lee","Artist",81,"30"
"Patricia","Pope","Artist",80,"31"
"Antonio","Beasley","Artist",80,"31"
"Crystal","Nguyen","Artist",79,"33"
"Justin","Mitchell","Artist",79,"33"
"Rachel","Reeves","Artist",79,"33"
"Rhonda","Munoz","Artist",78,"36"
"Rita","Cochran","Artist",78,"36"
"Marc","Villanueva","Artist",77,"38"
"Susan","Perez","Artist",77,"38"
"Julian","Ortiz","Artist",77,"38"
"Carol","Ramos","Artist",76,"41"
"Aaron","Williamson","Artist",76,"41"
"Christine","Smith","Artist",75,"43"
"Nancy","Pierce","Artist",75,"43"
"Justin","Lester","Artist",75,"43"
"Angie","White","Artist",75,"43"
"Alexandra","Brown","Artist",74,"47"
"Caitlin","Duncan","Artist",74,"47"
"Lisa","Cowan","Artist",73,"49"
"Walter","King","Artist",72,"50"
"Stephanie","Spencer","Artist",72,"50"
"Jenny","Lloyd","Artist",69,"52"
"Megan","Moyer","Artist",68,"53"
"Logan","Lindsey","Artist",68,"53"
"Alison","Webster","Artist",68,"53"
"Anthony","Mullins","Artist",67,"56"
"Sarah","Mckinney","Artist",67,"56"
"Crystal","Miller","Artist",66,"58"
"Jill","Sexton","Artist",66,"58"
"Connie","Colon","Artist",65,"60"
"Christopher","Cruz","Artist",65,"60"
"Tiffany","Fields","Artist",65,"60"
"Alexander","Burnett","Artist",64,"63"
"Stephen","Patton","Artist",63,"64"
"Laura","Allen","Artist",60,"65"
"Melissa","Gonzales","Artist",60,"65"
"Heather","Bentley","Artist",60,"65"
"Rachel","Hamilton","Banker",100,"1"
"Tammy","Morris","Banker",100,"1"
"Angela","Joyce","Banker",100,"1"
"Calvin","Taylor","Banker",99,"4"
"Anthony","Armstrong","Banker",99,"4"
"Lisa","Mitchell","Banker",99,"4"
"Amanda","Green","Banker",98,"7"
"Charles","Torres","Banker",98,"7"
"Elizabeth","Smith","Banker",98,"7"
"Tammy","Fields","Banker",97,"10"
"Scott","Jacobson","Banker",97,"10"
"Heather","Faulkner","Banker",97,"10"
"Cassandra","Mills","Banker",96,"13"
"Raymond","Shea","Banker",96,"13"
"Thomas","George","Banker",96,"13"
"Kristin","Johnson","Banker",95,"16"
"Anita","Gonzalez","Banker",94,"17"
"Kimberly","Bates","Banker",94,"17"
"Allen","Booth","Banker",94,"17"
"Jennifer","Martin","Banker",94,"17"
"Sydney","Clay","Banker",94,"17"
"Nicole","Perry","Banker",94,"17"
"Javier","Macdonald","Banker",93,"23"
"Brenda","Nichols","Banker",93,"23"
"Melissa","Richard","Banker",93,"23"
"Samantha","Maldonado","Banker",93,"23"
"Justin","Ryan","Banker",92,"27"
"Kathryn","Rivera","Banker",92,"27"
"Tammy","Miller","Banker",92,"27"
"Michael","Mccall","Banker",92,"27"
"Kristen","Evans","Banker",92,"27"
"Peter","Santos","Banker",91,"32"
"Kyle","Rodriguez","Banker",91,"32"
"Mary","Jackson","Banker",91,"32"
"Tanya","Green","Banker",91,"32"
"Jennifer","Landry","Banker",90,"36"
"Rebecca","Mckay","Banker",90,"36"
"Rebecca","Daniel","Banker",90,"36"
"Laura","Wright","Banker",90,"36"
"Michael","Mercer","Banker",90,"36"
"Jonathan","Carter","Banker",90,"36"
"Derrick","Tucker","Banker",90,"36"
"Samuel","Becker","Banker",89,"43"
"Shannon","Johnson","Banker",89,"43"
"Morgan","Cisneros","Banker",88,"45"
"Andrew","Reed","Banker",88,"45"
"Dwayne","Sims","Banker",88,"45"
"Lucas","Jenkins","Banker",88,"45"
"Stephanie","Rodriguez","Banker",88,"45"
"Katherine","Donaldson","Banker",87,"50"
"Ricardo","Macias","Banker",87,"50"
"Dennis","Park","Banker",87,"50"
"Terry","Dean","Banker",86,"53"
"Lindsay","Pruitt","Banker",86,"53"
"Mallory","Collins","Banker",86,"53"
"Jeffrey","Knight","Banker",86,"53"
"Michael","Williams","Banker",85,"57"
"Bobby","Miller","Banker",85,"57"
"Shelby","Lewis","Banker",85,"57"
"Jessica","Hutchinson","Banker",85,"57"
"Brian","Hess","Banker",85,"57"
"Phyllis","Diaz","Banker",84,"62"
"Patrick","West","Banker",84,"62"
"James","Carter","Banker",84,"62"
"Melinda","Freeman","Banker",84,"62"
"Olivia","Garza","Banker",84,"62"
"Heidi","Jones","Banker",84,"62"
"Holly","Sanchez","Banker",83,"68"
"Laura","Campbell","Banker",83,"68"
"Julie","Adkins","Banker",82,"70"
"Harold","Daniels","Banker",82,"70"
"Kenneth","Sparks","Banker",82,"70"
"Monique","Peterson","Banker",81,"73"
"Jordan","Boyd","Banker",81,"73"
"Matthew","Aguilar","Banker",81,"73"
"David","Fields","Banker",81,"73"
"Timothy","Bailey","Banker",80,"77"
"Jason","Williams","Banker",80,"77"
"April","Greene","Banker",79,"79"
"Danielle","Tran","Banker",79,"79"
"Tara","Griffin","Banker",79,"79"
"Elizabeth","Maldonado","Banker",79,"79"
"Gary","Gentry","Banker",79,"79"
"Steven","Richardson","Banker",78,"84"
"John","Martinez","Banker",78,"84"
"Chelsea","Olson","Banker",77,"86"
"Misty","Anderson","Banker",77,"86"
"Jonathan","Finley","Banker",77,"86"
"Traci","Boyd","Banker",77,"86"
"Lisa","Estes","Banker",76,"90"
"John","Peterson","Banker",76,"90"
"Patrick","Clark","Banker",76,"90"
"Cynthia","Miller","Banker",76,"90"
"Jill","Mathews","Banker",76,"90"
"Michelle","Hill","Banker",76,"90"
"Arthur","Harris","Banker",76,"90"
"Kathryn","Powell","Banker",76,"90"
"Steven","Martin","Banker",76,"90"
"Nathan","Fitzpatrick","Banker",75,"99"
"Tracy","Garcia","Banker",75,"99"
"Andrew","Nunez","Banker",75,"99"
"Frederick","Lopez","Banker",75,"99"
"Robin","Leonard","Banker",74,"103"
"Angela","King","Banker",74,"103"
"Kevin","Turner","Banker",74,"103"
"Ian","Scott","Banker",74,"103"
"Kendra","Perez","Banker",74,"103"
"Lisa","Lloyd","Banker",74,"103"
"Patricia","Gonzalez","Banker",74,"103"
"Lisa","Sosa","Banker",73,"110"
"William","Kerr","Banker",73,"110"
"David","Vaughn","Banker",73,"110"
"Melissa","Harris","Banker",72,"113"
"Denise","Rodriguez","Banker",72,"113"
"Joseph","Morris","Banker",72,"113"
"Pamela","Smith","Banker",72,"113"
"Kyle","Rubio","Banker",72,"113"
"Carlos","Ramirez","Banker",72,"113"
"Daniel","Martin","Banker",71,"119"
"Jennifer","Contreras","Banker",71,"119"
"Kimberly","Swanson","Banker",71,"119"
"Tamara","Bennett","Banker",71,"119"
"Kenneth","Gilbert","Banker",71,"119"
"Katelyn","Roman","Banker",71,"119"
"Meghan","Lewis","Banker",71,"119"
"Sarah","Snow","Banker",70,"126"
"Angela","Moran","Banker",70,"126"
"Amanda","Willis","Banker",70,"126"
"John","Benson","Banker",69,"129"
"Carl","Ferguson","Banker",69,"129"
"Heather","Donaldson","Banker",69,"129"
"Jill","Anderson","Banker",68,"132"
"Robert","Campbell","Banker",68,"132"
"Emily","Huang","Banker",68,"132"
"Deborah","Miller","Banker",68,"132"
"Amy","Morrow","Banker",68,"132"
"Rhonda","Bradley","Banker",68,"132"
"Anthony","Clark","Banker",67,"138"
"Debra","Reynolds","Banker",67,"138"
"Stephanie","Jones","Banker",66,"140"
"Gina","Gilbert","Banker",66,"140"
"Madeline","Hart","Banker",66,"140"
"Chelsea","Obrien","Banker",66,"140"
"Jennifer","Gonzalez","Banker",66,"140"
"Nicole","Harris","Banker",66,"140"
"Veronica","Cameron","Banker",65,"146"
"Kara","Coleman","Banker",65,"146"
"Dawn","Gomez","Banker",65,"146"
"Christina","Nguyen","Banker",65,"146"
"Kelsey","Brown","Banker",65,"146"
"Marie","Martin","Banker",65,"146"
"Melissa","Terry","Banker",64,"152"
"Jennifer","Ford","Banker",64,"152"
"Rachael","Perry","Banker",64,"152"
"Joshua","Stuart","Banker",64,"152"
"Debra","Walter","Banker",64,"152"
"Miguel","Martinez","Banker",64,"152"
"Nicole","Davidson","Banker",63,"158"
"Jake","Gonzalez","Banker",63,"158"
"Teresa","Stafford","Banker",63,"158"
"Tina","Bowers","Banker",62,"161"
"Thomas","Stone","Banker",62,"161"
"Autumn","Barrett","Banker",61,"163"
"Sabrina","Hall","Banker",61,"163"
"Jeremy","Daniels","Banker",61,"163"
"Anne","Johnston","Banker",61,"163"
"Daniel","Mcneil","Banker",61,"163"
"Scott","Bishop","Banker",60,"168"
"David","Patel","Banker",60,"168"
"Beverly","Chavez","Business Owner",100,"1"
"Jennifer","Lewis","Business Owner",100,"1"
"Matthew","Chambers","Business Owner",100,"1"
"Emma","Wright","Business Owner",100,"1"
"Eric","Patton","Business Owner",99,"5"
"Sarah","King","Business Owner",99,"5"
"Martha","Summers","Business Owner",99,"5"
"Maria","Hall","Business Owner",99,"5"
"Jacob","Henderson","Business Owner",98,"9"
"William","Hernandez","Business Owner",98,"9"
"Brenda","Morales","Business Owner",98,"9"
"Emma","Copeland","Business Owner",98,"9"
"Timothy","Perez","Business Owner",97,"13"
"Samantha","Clark","Business Owner",97,"13"
"Stephen","Rodriguez","Business Owner",97,"13"
"Brenda","Mooney","Business Owner",97,"13"
"Dennis","Phillips","Business Owner",97,"13"
"William","Lester","Business Owner",96,"18"
"Daniel","Smith","Business Owner",96,"18"
"Sarah","Nielsen","Business Owner",96,"18"
"Richard","Bell","Business Owner",96,"18"
"Deborah","Rojas","Business Owner",96,"18"
"Julia","Richmond","Business Owner",95,"23"
"Rhonda","Hall","Business Owner",95,"23"
"Richard","Chavez","Business Owner",95,"23"
"James","Young","Business Owner",95,"23"
"Melinda","Byrd","Business Owner",95,"23"
"Samuel","Anderson","Business Owner",94,"28"
"Annette","Wells","Business Owner",94,"28"
"Charles","Hayes","Business Owner",94,"28"
"Elizabeth","Calhoun","Business Owner",94,"28"
"Courtney","Moreno","Business Owner",94,"28"
"Brenda","Sanders","Business Owner",93,"33"
"Corey","Monroe","Business Owner",93,"33"
"Cheryl","Gutierrez","Business Owner",93,"33"
"Kevin","Mack","Business Owner",93,"33"
"Michael","Carr","Business Owner",93,"33"
"Ryan","Williams","Business Owner",92,"38"
"Jennifer","Valdez","Business Owner",92,"38"
"Andrew","Rodriguez","Business Owner",92,"38"
"Paul","Bailey","Business Owner",92,"38"
"Rachel","Jacobs","Business Owner",92,"38"
"Patricia","Douglas","Business Owner",92,"38"
"Randall","Wyatt","Business Owner",92,"38"
"Bryan","Dorsey","Business Owner",92,"38"
"David","Jimenez","Business Owner",92,"38"
"Steven","Hancock","Business Owner",92,"38"
"Lauren","Farmer","Business Owner",92,"38"
"Aaron","Peterson","Business Owner",91,"49"
"John","Pacheco","Business Owner",91,"49"
"Robert","Turner","Business Owner",91,"49"
"Robert","Anderson","Business Owner",91,"49"
"Victoria","Thompson","Business Owner",91,"49"
"Eric","Adkins","Business Owner",91,"49"
"Juan","Baker","Business Owner",90,"55"
"Gregory","Cole","Business Owner",90,"55"
"Charles","Owens","Business Owner",90,"55"
"Patricia","Sullivan","Business Owner",90,"55"
"Julie","Black","Business Owner",90,"55"
"Kenneth","Mendez","Business Owner",89,"60"
"Nicole","Lee","Business Owner",89,"60"
"Carla","Lopez","Business Owner",89,"60"
"Christopher","Buchanan","Business Owner",89,"60"
"Gina","Solomon","Business Owner",89,"60"
"Shannon","Martinez","Business Owner",89,"60"
"Bradley","Patel","Business Owner",88,"66"
"Michael","Reyes","Business Owner",88,"66"
"Emily","Mcclure","Business Owner",88,"66"
"Carolyn","Reyes","Business Owner",88,"66"
"Caitlin","Murillo","Business Owner",88,"66"
"Katherine","Moore","Business Owner",88,"66"
"Maureen","Jones","Business Owner",88,"66"
"Brad","Lee","Business Owner",88,"66"
"Brian","Adams","Business Owner",87,"74"
"Alexis","Byrd","Business Owner",87,"74"
"Kristin","Garcia","Business Owner",87,"74"
"Margaret","Smith","Business Owner",87,"74"
"Maureen","Norman","Business Owner",87,"74"
"Tammy","Olsen","Business Owner",87,"74"
"Johnny","Gomez","Business Owner",87,"74"
"Christine","Foster","Business Owner",87,"74"
"Pamela","Jackson","Business Owner",86,"82"
"Jeremy","Montgomery","Business Owner",86,"82"
"Kimberly","Lopez","Business Owner",86,"82"
"Jeffery","Carlson","Business Owner",86,"82"
"Patrick","Ryan","Business Owner",86,"82"
"Zachary","Lucero","Business Owner",85,"87"
"John","Powell","Business Owner",85,"87"
"Jonathan","Torres","Business Owner",85,"87"
"Samantha","Phillips","Business Owner",85,"87"
"Douglas","Stewart","Business Owner",85,"87"
"Erin","Jones","Business Owner",85,"87"
"Laura","Baxter","Business Owner",84,"93"
"Darryl","Schultz","Business Owner",84,"93"
"Shawn","Cameron","Business Owner",84,"93"
"Angela","Nelson","Business Owner",84,"93"
"Jonathan","Mckay","Business Owner",84,"93"
"John","Wilson","Business Owner",84,"93"
"Maria","Campos","Business Owner",84,"93"
"Melissa","Wright","Business Owner",84,"93"
"Latoya","Mullins","Business Owner",83,"101"
"Brittany","Welch","Business Owner",83,"101"
"David","Hartman","Business Owner",83,"101"
"Elizabeth","Jones","Business Owner",83,"101"
"Cynthia","Weeks","Business Owner",83,"101"
"Kimberly","Haley","Business Owner",82,"106"
"Daniel","Murray","Business Owner",82,"106"
"Brittany","Henderson","Business Owner",82,"106"
"Lisa","Stafford","Business Owner",82,"106"
"Michael","Wright","Business Owner",81,"110"
"Susan","Klein","Business Owner",81,"110"
"Janet","Martin","Business Owner",81,"110"
"Philip","Blair","Business Owner",81,"110"
"Sean","Griffin","Business Owner",81,"110"
"Susan","Wall","Business Owner",81,"110"
"Carlos","Long","Business Owner",81,"110"
"Sandra","Davis","Business Owner",80,"117"
"Rachel","Salas","Business Owner",80,"117"
"Amanda","Murphy","Business Owner",80,"117"
"Suzanne","Owens","Business Owner",80,"117"
"James","Miller","Business Owner",80,"117"
"Julie","Little","Business Owner",79,"122"
"David","Gillespie","Business Owner",79,"122"
"Rachel","Frye","Business Owner",79,"122"
"Cody","Tyler","Business Owner",79,"122"
"Teresa","Henry","Business Owner",78,"126"
"Roger","Wiley","Business Owner",78,"126"
"Kyle","Willis","Business Owner",78,"126"
"Jessica","Smith","Business Owner",78,"126"
"Steven","Ramsey","Business Owner",78,"126"
"William","Alvarado","Business Owner",78,"126"
"Kathleen","Potts","Business Owner",78,"126"
"Ashley","Mendez","Business Owner",78,"126"
"Charles","Myers","Business Owner",77,"134"
"Stephanie","Jones","Business Owner",77,"134"
"Brandon","Gonzales","Business Owner",77,"134"
"Tim","Duncan","Business Owner",77,"134"
"Suzanne","Morrow","Business Owner",77,"134"
"Michael","Hayden","Business Owner",77,"134"
"Kristy","Weber","Business Owner",77,"134"
"Erin","Miller","Business Owner",77,"134"
"Lawrence","Fields","Business Owner",76,"142"
"David","Rice","Business Owner",76,"142"
"Gina","Powell","Business Owner",76,"142"
"Katherine","Glenn","Business Owner",76,"142"
"Lee","Taylor","Business Owner",76,"142"
"William","Ball","Business Owner",75,"147"
"Christopher","Porter","Business Owner",75,"147"
"Stephanie","Miller","Business Owner",75,"147"
"Logan","Cox","Business Owner",75,"147"
"Kevin","York","Business Owner",75,"147"
"Eric","Matthews","Business Owner",75,"147"
"Janet","Morrison","Business Owner",75,"147"
"Victoria","Perez","Business Owner",74,"154"
"Thomas","Clark","Business Owner",74,"154"
"Drew","Nelson","Business Owner",74,"154"
"Timothy","David","Business Owner",74,"154"
"Robert","Dougherty","Business Owner",74,"154"
"William","Ballard","Business Owner",73,"159"
"Maria","Jones","Business Owner",73,"159"
"Tyler","Calderon","Business Owner",73,"159"
"Sheila","Wilkinson","Business Owner",73,"159"
"Christopher","Anderson","Business Owner",73,"159"
"Joel","Williams","Business Owner",73,"159"
"Christina","Ramirez","Business Owner",72,"165"
"Susan","Schmidt","Business Owner",72,"165"
"Nicole","Garcia","Business Owner",72,"165"
"Margaret","Wells","Business Owner",72,"165"
"Julie","Gray","Business Owner",72,"165"
"David","Gonzales","Business Owner",72,"165"
"Brittany","Compton","Business Owner",72,"165"
"Molly","Jackson","Business Owner",72,"165"
"Matthew","Miles","Business Owner",72,"165"
"Laura","Reilly","Business Owner",71,"174"
"Jennifer","Leblanc","Business Owner",71,"174"
"Maria","Malone","Business Owner",71,"174"
"Jessica","Wong","Business Owner",71,"174"
"Lauren","Ellis","Business Owner",71,"174"
"Daisy","Ellis","Business Owner",71,"174"
"Leah","Brown","Business Owner",71,"174"
"Cynthia","Hodges","Business Owner",70,"181"
"Thomas","Cruz","Business Owner",70,"181"
"Jerry","Aguirre","Business Owner",70,"181"
"Jill","Davis","Business Owner",70,"181"
"Christian","Powers","Business Owner",70,"181"
"Charles","Rangel","Business Owner",70,"181"
"Sara","Cochran","Business Owner",70,"181"
"Bradley","Robinson","Business Owner",70,"181"
"Louis","Edwards","Business Owner",69,"189"
"Joseph","Johnson","Business Owner",69,"189"
"Patricia","Gomez","Business Owner",69,"189"
"Catherine","Coffey","Business Owner",69,"189"
"Aimee","Cook","Business Owner",69,"189"
"Shannon","Simpson","Business Owner",68,"194"
"Michael","Schaefer","Business Owner",68,"194"
"Sharon","Martinez","Business Owner",68,"194"
"Barry","Taylor","Business Owner",68,"194"
"Catherine","Mccall","Business Owner",68,"194"
"Brian","Morales","Business Owner",68,"194"
"Nancy","Walker","Business Owner",68,"194"
"Crystal","Walker","Business Owner",67,"201"
"Marc","Brock","Business Owner",67,"201"
"David","Perez","Business Owner",67,"201"
"Megan","Bright","Business Owner",67,"201"
"Vanessa","Coleman","Business Owner",67,"201"
"Jillian","Reed","Business Owner",67,"201"
"Anthony","Martinez","Business Owner",67,"201"
"Jennifer","Johnson","Business Owner",67,"201"
"Jesus","Rasmussen","Business Owner",66,"209"
"William","Smith","Business Owner",66,"209"
"Scott","Schultz","Business Owner",66,"209"
"Michael","Hodge","Business Owner",66,"209"
"Dawn","Flores","Business Owner",66,"209"
"Taylor","Waters","Business Owner",65,"214"
"Brian","Garcia","Business Owner",65,"214"
"Jenny","Washington","Business Owner",65,"214"
"Selena","Castro","Business Owner",65,"214"
"Stephanie","Jordan","Business Owner",65,"214"
"Lisa","Barber","Business Owner",65,"214"
"John","George","Business Owner",64,"220"
"Thomas","Scott","Business Owner",64,"220"
"Thomas","Montoya","Business Owner",64,"220"
"Ross","Esparza","Business Owner",64,"220"
"Troy","Prince","Business Owner",64,"220"
"Lauren","Arias","Business Owner",64,"220"
"Victor","Smith","Business Owner",64,"220"
"Angela","Allen","Business Owner",64,"220"
"Eileen","Nicholson","Business Owner",64,"220"
"Kathryn","Hampton","Business Owner",63,"229"
"Angel","Gilbert","Business Owner",63,"229"
"Brian","Sanchez","Business Owner",62,"231"
"Andrew","Jackson","Business Owner",62,"231"
"Sean","Malone","Business Owner",61,"233"
"Kim","Flores","Business Owner",61,"233"
"Alexander","Brown","Business Owner",61,"233"
"Stephanie","Pineda","Business Owner",61,"233"
"Luke","Shannon","Business Owner",61,"233"
"Jose","Jackson","Business Owner",61,"233"
"Elizabeth","Chavez","Business Owner",61,"233"
"Steven","Alvarez","Business Owner",60,"240"
"Trevor","Cruz","Business Owner",60,"240"
"Justin","Morgan","Business Owner",60,"240"
"Colleen","Vargas","Business Owner",60,"240"
"Anthony","Shah","Business Owner",60,"240"
"Kimberly","Shaw","Business Owner",60,"240"
"Jackson","Smith","Business Owner",60,"240"
"Jasmin","Phillips","Business Owner",60,"240"
"James","Hernandez","Business Owner",59,"248"
"Holly","Dunn","Business Owner",59,"248"
"Kelsey","Alexander","Business Owner",59,"248"
"Bethany","Thomas","Business Owner",59,"248"
"Kayla","Bailey","Business Owner",59,"248"
"John","Klein","Business Owner",58,"253"
"Andrea","Barrett","Business Owner",58,"253"
"Nicholas","Shea","Business Owner",58,"253"
"Sydney","Stevenson","Business Owner",58,"253"
"Kevin","Jackson","Business Owner",58,"253"
"Sheryl","Parker","Business Owner",58,"253"
"Alexis","Freeman","Business Owner",58,"253"
"Andrew","Clark","Business Owner",58,"253"
"Melissa","Huerta","Business Owner",58,"253"
"Heidi","Adams","Business Owner",58,"253"
"Vanessa","Wheeler","Business Owner",57,"263"
"Linda","George","Business Owner",57,"263"
"Aaron","Allen","Business Owner",57,"263"
"Crystal","Holland","Business Owner",57,"263"
"Cynthia","Richardson","Business Owner",57,"263"
"Brandon","Smith","Business Owner",57,"263"
"Joshua","Williams","Business Owner",57,"263"
"Tamara","Long","Business Owner",57,"263"
"Joel","Morris","Business Owner",56,"271"
"Melissa","Mora","Business Owner",56,"271"
"Catherine","Miles","Business Owner",56,"271"
"Denise","Rose","Business Owner",54,"274"
"Jessica","Nolan","Business Owner",54,"274"
"Julie","Yates","Business Owner",54,"274"
"Julie","Floyd","Business Owner",54,"274"
"Holly","Sexton","Business Owner",54,"274"
"Tracy","Johnston","Business Owner",54,"274"
"Corey","Taylor","Business Owner",54,"274"
"Aaron","Ortega","Business Owner",53,"281"
"Matthew","Kramer","Business Owner",53,"281"
"Michelle","Owens","Business Owner",53,"281"
"Jennifer","Williams","Business Owner",53,"281"
"Cory","Perez","Business Owner",53,"281"
"Lisa","Franco","Business Owner",53,"281"
"Brian","Lewis","Business Owner",53,"281"
"Michelle","Martinez","Business Owner",53,"281"
"Luis","Jones","Business Owner",53,"281"
"Alicia","Beltran","Business Owner",52,"290"
"Matthew","Kidd","Business Owner",52,"290"
"Craig","Carter","Business Owner",52,"290"
"Joshua","Kelly","Business Owner",52,"290"
"Mark","Young","Business Owner",51,"294"
"Amanda","Garcia","Business Owner",51,"294"
"Natasha","Edwards","Business Owner",51,"294"
"Terry","Ashley","Business Owner",51,"294"
"Amber","Levy","Business Owner",51,"294"
"Jessica","Jackson","Business Owner",51,"294"
"Steven","Fox","Business Owner",51,"294"
"Kenneth","Davis","Business Owner",50,"301"
"Keith","Tanner","Business Owner",50,"301"
"Greg","Martin","Business Owner",50,"301"
"Brandon","Smith","Business Owner",50,"301"
"Tina","Rose","Business Owner",50,"301"
"Nancy","Hartman","Business Owner",50,"301"
"Erica","Cohen","Business Owner",50,"301"
"Alyssa","Ritter","Business Owner",50,"301"
"Jennifer","Beck","Business Owner",50,"301"
"Daniel","Thomas","Construction Engineer",100,"1"
"John","Stevenson","Construction Engineer",100,"1"
"Jeremy","Tran","Construction Engineer",100,"1"
"Troy","Shepherd","Construction Engineer",99,"4"
"Eric","Reyes","Construction Engineer",99,"4"
"Frank","Schmitt","Construction Engineer",99,"4"
"Andrew","Miller","Construction Engineer",99,"4"
"Michael","Hinton","Construction Engineer",99,"4"
"Paul","Taylor","Construction Engineer",99,"4"
"Ryan","Soto","Construction Engineer",99,"4"
"Jonathan","Johnson","Construction Engineer",98,"11"
"Bradley","Cook","Construction Engineer",98,"11"
"Dakota","Clark","Construction Engineer",98,"11"
"James","Mcgee","Construction Engineer",98,"11"
"Carlos","Flynn","Construction Engineer",98,"11"
"Joshua","Smith","Construction Engineer",96,"16"
"Gary","Gray","Construction Engineer",96,"16"
"Joseph","Hess","Construction Engineer",96,"16"
"Danny","Taylor","Construction Engineer",96,"16"
"Robert","Johnson","Construction Engineer",96,"16"
"Christopher","Lopez","Construction Engineer",96,"16"
"Paul","Hale","Construction Engineer",95,"22"
"Mark","Smith","Construction Engineer",95,"22"
"David","Cole","Construction Engineer",94,"24"
"Kenneth","Turner","Construction Engineer",94,"24"
"Michael","Waters","Construction Engineer",94,"24"
"Isaiah","Cruz","Construction Engineer",93,"27"
"Andrew","Best","Construction Engineer",92,"28"
"Anthony","Sullivan","Construction Engineer",92,"28"
"Mark","Robinson","Construction Engineer",92,"28"
"Ricky","Walker","Construction Engineer",92,"28"
"Stephen","Sosa","Construction Engineer",91,"32"
"Scott","Weaver","Construction Engineer",91,"32"
"Paul","Miller","Construction Engineer",91,"32"
"Rodney","Bennett","Construction Engineer",91,"32"
"Rick","Garcia","Construction Engineer",90,"36"
"Jeremiah","Stanley","Construction Engineer",90,"36"
"Alex","Clark","Construction Engineer",89,"38"
"Kenneth","Gallagher","Construction Engineer",89,"38"
"Nicholas","Wallace","Construction Engineer",88,"40"
"Gregory","Barton","Construction Engineer",88,"40"
"Jose","Hodge","Construction Engineer",88,"40"
"James","Tate","Construction Engineer",87,"43"
"Cory","Harris","Construction Engineer",87,"43"
"Ryan","Lee","Construction Engineer",87,"43"
"Richard","Anderson","Construction Engineer",86,"46"
"Jackson","Olson","Construction Engineer",86,"46"
"Nathan","Calhoun","Construction Engineer",86,"46"
"Joe","Strickland","Construction Engineer",86,"46"
"Jeffrey","Shannon","Construction Engineer",86,"46"
"Christopher","Cook","Construction Engineer",86,"46"
"Daniel","Poole","Construction Engineer",86,"46"
"William","Khan","Construction Engineer",85,"53"
"Michael","Gilmore","Construction Engineer",85,"53"
"Jacob","Nguyen","Construction Engineer",84,"55"
"John","Baker","Construction Engineer",84,"55"
"Alan","Reynolds","Construction Engineer",84,"55"
"Xavier","Johnson","Construction Engineer",84,"55"
"Jesse","Kelly","Construction Engineer",83,"59"
"Tyler","Martin","Construction Engineer",82,"60"
"Nathan","Padilla","Construction Engineer",82,"60"
"Ronald","Lane","Construction Engineer",82,"60"
"Alex","Farmer","Construction Engineer",82,"60"
"John","Wells","Construction Engineer",81,"64"
"Jeffery","Mcdonald","Construction Engineer",81,"64"
"Brian","Wright","Construction Engineer",80,"66"
"Victor","Andrade","Construction Engineer",80,"66"
"Todd","Williams","Construction Engineer",80,"66"
"Alexis","Hall","Designer",100,"1"
"Beth","Acosta","Designer",100,"1"
"Miguel","Hernandez","Designer",99,"3"
"Mary","Arnold","Designer",99,"3"
"Christopher","Jenkins","Designer",99,"3"
"Christine","Collins","Designer",98,"6"
"Angela","Brown","Designer",98,"6"
"Jamie","Mccarthy","Designer",97,"8"
"Steven","York","Designer",96,"9"
"Victoria","Vasquez","Designer",96,"9"
"Jeffrey","Price","Designer",96,"9"
"Jill","Perez","Designer",93,"12"
"Ashley","Fleming","Designer",92,"13"
"Maurice","Nguyen","Designer",92,"13"
"Charles","May","Designer",92,"13"
"Keith","Summers","Designer",92,"13"
"Cynthia","Knapp","Designer",92,"13"
"Kathryn","Sanchez","Designer",90,"18"
"Catherine","Ibarra","Designer",89,"19"
"Daryl","Arnold","Designer",89,"19"
"Pamela","Edwards","Designer",88,"21"
"Traci","Johnson","Designer",88,"21"
"Debra","Valdez","Designer",88,"21"
"Katherine","Turner","Designer",88,"21"
"Erica","Valdez","Designer",87,"25"
"Christopher","Jenkins","Designer",87,"25"
"Nicole","King","Designer",87,"25"
"Tina","Harrison","Designer",87,"25"
"Stephanie","Allen","Designer",85,"29"
"Joanne","Campos","Designer",84,"30"
"Daniel","Brown","Designer",84,"30"
"Craig","Weber","Designer",80,"32"
"Theresa","Gray","Designer",80,"32"
"Heather","Marsh","Designer",79,"34"
"Jeffrey","Moore","Designer",78,"35"
"Andres","Rodriguez","Designer",78,"35"
"Carla","Lewis","Designer",78,"35"
"Joseph","Patterson","Designer",78,"35"
"Joseph","Stone","Designer",77,"39"
"Robert","Hart","Designer",77,"39"
"Sandra","Jacobs","Designer",75,"41"
"Kari","Hernandez","Designer",75,"41"
"Teresa","Lopez","Designer",72,"43"
"Tracy","Harris","Designer",70,"44"
"Adam","Wallace","Designer",70,"44"
"Nicole","Weeks","Designer",70,"44"
"Susan","Perez","Designer",68,"47"
"Ricky","Nichols","Designer",68,"47"
"Laura","Rodriguez","Designer",67,"49"
"Brian","Crawford","Designer",67,"49"
"Cassandra","Hodges","Designer",66,"51"
"Christopher","Peterson","Designer",65,"52"
"James","Sherman","Designer",64,"53"
"Casey","Hall","Designer",63,"54"
"Holly","Erickson","Designer",61,"55"
"Isaac","Santos","Designer",60,"56"
"Andrew","Green","Doctor",100,"1"
"Ray","Padilla","Doctor",100,"1"
"Mark","Jacobs","Doctor",100,"1"
"Christopher","Hamilton","Doctor",100,"1"
"Raymond","Smith","Doctor",100,"1"
"Holly","Burns","Doctor",100,"1"
"Stacy","Sanders","Doctor",100,"1"
"Jessica","Diaz","Doctor",100,"1"
"Nicholas","Clayton","Doctor",100,"1"
"Martin","Duran","Doctor",99,"10"
"Michael","Heath","Doctor",99,"10"
"Kevin","Thompson","Doctor",99,"10"
"Matthew","Gonzalez","Doctor",99,"10"
"Emily","Jordan","Doctor",99,"10"
"Steven","Pennington","Doctor",99,"10"
"Gregory","Welch","Doctor",99,"10"
"Christopher","Nguyen","Doctor",99,"10"
"Christina","Shields","Doctor",98,"18"
"Justin","Brooks","Doctor",98,"18"
"Kimberly","Mcgee","Doctor",98,"18"
"Paula","Hernandez","Doctor",98,"18"
"Tony","Montgomery","Doctor",98,"18"
"John","Riley","Doctor",98,"18"
"David","Castro","Doctor",97,"24"
"Susan","Long","Doctor",97,"24"
"Samantha","Ibarra","Doctor",97,"24"
"Lindsay","Morales","Doctor",97,"24"
"Debbie","Landry","Doctor",97,"24"
"Eric","Murray","Doctor",97,"24"
"John","Reynolds","Doctor",97,"24"
"Daniel","Lewis","Doctor",97,"24"
"Kenneth","Baker","Doctor",96,"32"
"Nicholas","Conrad","Doctor",96,"32"
"Brian","Kelly","Doctor",96,"32"
"Eduardo","Brown","Doctor",96,"32"
"Donna","Andrews","Doctor",96,"32"
"Danielle","Sandoval","Doctor",96,"32"
"Wendy","Lewis","Doctor",96,"32"
"Amanda","Rodriguez","Doctor",96,"32"
"Sarah","Hansen","Doctor",95,"40"
"Brian","Myers","Doctor",95,"40"
"Scott","Baxter","Doctor",95,"40"
"Oscar","Gonzalez","Doctor",95,"40"
"Lauren","Morrison","Doctor",95,"40"
"David","Frank","Doctor",94,"45"
"Pamela","Henry","Doctor",94,"45"
"Jacob","Perez","Doctor",94,"45"
"Caitlin","Moody","Doctor",94,"45"
"Angel","Green","Doctor",94,"45"
"Joshua","Dillon","Doctor",94,"45"
"Kimberly","West","Doctor",94,"45"
"Tracy","White","Doctor",94,"45"
"Michael","Parker","Doctor",94,"45"
"Kristin","Gilbert","Doctor",94,"45"
"Jacob","Reyes","Doctor",94,"45"
"Christian","Blankenship","Doctor",93,"56"
"Diana","Jones","Doctor",93,"56"
"James","Compton","Doctor",93,"56"
"Wendy","Clark","Doctor",93,"56"
"Melissa","Deleon","Doctor",93,"56"
"Lauren","Gomez","Doctor",93,"56"
"Patricia","Watson","Doctor",93,"56"
"Jeffery","Parker","Doctor",93,"56"
"Jonathan","Werner","Doctor",92,"64"
"Ryan","Ruiz","Doctor",92,"64"
"Alexandra","Robinson","Doctor",92,"64"
"Drew","Mccann","Doctor",92,"64"
"Melissa","Fry","Doctor",92,"64"
"Antonio","Caldwell","Doctor",91,"69"
"Jamie","Carter","Doctor",91,"69"
"Peter","Yates","Doctor",91,"69"
"Bryan","Lee","Doctor",91,"69"
"David","Calderon","Doctor",91,"69"
"Shawn","Ochoa","Doctor",91,"69"
"Marco","Clark","Doctor",90,"75"
"Rebecca","Mckinney","Doctor",90,"75"
"Eric","Bowers","Doctor",90,"75"
"Tim","Turner","Doctor",90,"75"
"Kenneth","Buchanan","Doctor",90,"75"
"Jeremy","Coleman","Doctor",89,"80"
"Hector","Cox","Doctor",89,"80"
"Ryan","Clarke","Doctor",89,"80"
"Steven","Frazier","Doctor",89,"80"
"Sarah","Brooks","Doctor",89,"80"
"Katelyn","Watkins","Doctor",88,"85"
"Matthew","Moore","Doctor",88,"85"
"Luis","Little","Doctor",88,"85"
"Jesse","Melton","Doctor",88,"85"
"Rebecca","Huang","Doctor",87,"89"
"Whitney","Holmes","Doctor",87,"89"
"Tara","Thomas","Doctor",87,"89"
"Christopher","Meyer","Doctor",87,"89"
"Jessica","Beasley","Doctor",87,"89"
"Patricia","Chavez","Doctor",87,"89"
"Joanne","Howard","Doctor",87,"89"
"Leslie","Cox","Doctor",87,"89"
"Mark","Wright","Doctor",87,"89"
"Amy","White","Doctor",87,"89"
"Kimberly","Knox","Doctor",87,"89"
"Brent","Clements","Doctor",87,"89"
"Nicholas","Johnson","Doctor",87,"89"
"Laura","Jackson","Doctor",86,"102"
"Joseph","Blake","Doctor",86,"102"
"Robin","Perez","Doctor",85,"104"
"Melanie","Bridges","Doctor",85,"104"
"Danielle","Martinez","Doctor",85,"104"
"Danny","Carlson","Doctor",84,"107"
"Oscar","Benjamin","Doctor",84,"107"
"David","Vasquez","Doctor",82,"109"
"Karen","Rodriguez","Doctor",82,"109"
"Lawrence","Russell","Doctor",82,"109"
"Patricia","Rhodes","Doctor",81,"112"
"Paul","Johnson","Doctor",81,"112"
"Lindsay","Love","Doctor",81,"112"
"Antonio","Flores","Doctor",80,"115"
"Julie","Nichols","Doctor",80,"115"
"Whitney","Walls","Doctor",80,"115"
"Melissa","Roberts","Doctor",80,"115"
"Christopher","Bowen","Doctor",80,"115"
"Robert","Kirby","Game Developer",100,"1"
"Thomas","Hernandez","Game Developer",100,"1"
"Jeffrey","Andrews","Game Developer",100,"1"
"Joshua","Davis","Game Developer",99,"4"
"Walter","Herrera","Game Developer",99,"4"
"Dennis","Richardson","Game Developer",99,"4"
"Lisa","Silva","Game Developer",99,"4"
"Anne","Malone","Game Developer",99,"4"
"Gregory","Gonzalez","Game Developer",98,"9"
"Heather","Jefferson","Game Developer",98,"9"
"Cynthia","Shields","Game Developer",97,"11"
"Amanda","Peterson","Game Developer",97,"11"
"Anna","Lane","Game Developer",97,"11"
"Tracy","Johnson","Game Developer",97,"11"
"Peter","Rice","Game Developer",97,"11"
"Donald","Carson","Game Developer",96,"16"
"Justin","Johnson","Game Developer",96,"16"
"Carla","Brandt","Game Developer",96,"16"
"Hunter","Allen","Game Developer",95,"19"
"Pamela","Rodgers","Game Developer",94,"20"
"Hunter","Miller","Game Developer",94,"20"
"Luke","Hernandez","Game Developer",94,"20"
"Kimberly","Ward","Game Developer",94,"20"
"Jonathan","Weiss","Game Developer",93,"24"
"Arthur","Brown","Game Developer",93,"24"
"Kristina","Watson","Game Developer",93,"24"
"Jessica","Hampton","Game Developer",93,"24"
"Penny","Perez","Game Developer",93,"24"
"Jamie","Taylor","Game Developer",92,"29"
"Michael","Lutz","Game Developer",92,"29"
"Hayley","Abbott","Game Developer",91,"31"
"Tammy","Barry","Game Developer",91,"31"
"Aaron","Ortiz","Game Developer",91,"31"
"Mindy","Jones","Game Developer",91,"31"
"Jesse","Green","Game Developer",91,"31"
"Pamela","Horne","Game Developer",90,"36"
"Sharon","Stephenson","Game Developer",90,"36"
"Samuel","Jackson","Game Developer",90,"36"
"Drew","Williams","Game Developer",89,"39"
"Morgan","Moore","Game Developer",89,"39"
"Michelle","Roman","Game Developer",88,"41"
"Jessica","Williams","Game Developer",88,"41"
"Jody","Mueller","Game Developer",87,"43"
"Jillian","Arroyo","Game Developer",87,"43"
"Laura","Russell","Game Developer",87,"43"
"Brett","Myers","Game Developer",87,"43"
"Aaron","Ware","Game Developer",87,"43"
"Brian","Lee","Game Developer",86,"48"
"Ricardo","Juarez","Game Developer",86,"48"
"James","Bridges","Game Developer",85,"50"
"Dean","Lee","Game Developer",85,"50"
"Pamela","Cole","Game Developer",85,"50"
"Vanessa","Sweeney","Game Developer",85,"50"
"Ryan","Sutton","Game Developer",85,"50"
"Roger","Dixon","Game Developer",85,"50"
"David","Smith","Game Developer",84,"56"
"Sarah","Miller","Game Developer",83,"57"
"Andrea","Delgado","Game Developer",83,"57"
"Candace","White","Game Developer",82,"59"
"Heidi","Johnson","Game Developer",81,"60"
"Sherry","Phillips","Game Developer",81,"60"
"Sharon","Chandler","Game Developer",80,"62"
"Vincent","Robertson","Game Developer",80,"62"
"Jerry","Jones","Government Officer",100,"1"
"Samantha","Stewart","Government Officer",100,"1"
"Diana","Griffin","Government Officer",97,"3"
"Edward","Smith","Government Officer",96,"4"
"James","Gordon","Government Officer",95,"5"
"James","Santiago","Government Officer",95,"5"
"Tina","Andrews","Government Officer",95,"5"
"Adam","Edwards","Government Officer",95,"5"
"Henry","Craig","Government Officer",94,"9"
"Sara","Frazier","Government Officer",94,"9"
"Willie","Ellis","Government Officer",94,"9"
"Laura","Dawson","Government Officer",94,"9"
"Jennifer","Chan","Government Officer",93,"13"
"Wayne","Trevino","Government Officer",92,"14"
"Todd","Stephens","Government Officer",92,"14"
"Rebecca","Smith","Government Officer",91,"16"
"Patricia","Rivera","Government Officer",91,"16"
"Benjamin","Williams","Government Officer",89,"18"
"Denise","Young","Government Officer",89,"18"
"Kevin","Hoffman","Government Officer",88,"20"
"Scott","Hughes","Government Officer",88,"20"
"Shane","Washington","Government Officer",87,"22"
"Andre","Graham","Government Officer",87,"22"
"Brittany","Collier","Government Officer",87,"22"
"Anthony","Johns","Government Officer",87,"22"
"Donald","Carney","Government Officer",87,"22"
"Rebecca","Khan","Government Officer",86,"27"
"John","Gardner","Government Officer",85,"28"
"Alexander","Daniel","Government Officer",84,"29"
"Maria","Barker","Government Officer",83,"30"
"Rebecca","Gibbs","Government Officer",83,"30"
"Joseph","Dixon","Government Officer",82,"32"
"Ruth","Miller","Government Officer",81,"33"
"Catherine","Owens","Government Officer",79,"34"
"Earl","Santana","Government Officer",78,"35"
"Kenneth","Moody","Government Officer",78,"35"
"Joseph","Gregory","Government Officer",76,"37"
"Michael","Anderson","Government Officer",73,"38"
"Rhonda","Cook","Government Officer",72,"39"
"John","Fuller","Government Officer",72,"39"
"Jennifer","Berry","Government Officer",71,"41"
"Christina","Garcia","Government Officer",71,"41"
"Melanie","Carter","Government Officer",71,"41"
"Deborah","Butler","Government Officer",71,"41"
"Melissa","Simmons","Government Officer",70,"45"
"Antonio","Lucero","Government Officer",70,"45"
"Stephanie","Kennedy","Government Officer",70,"45"
"Julie","Carey","Government Officer",68,"48"
"Sherri","Cruz","Government Officer",67,"49"
"Margaret","Santos","Government Officer",67,"49"
"Brooke","Burnett","Government Officer",67,"49"
"Joseph","Harper","Government Officer",66,"52"
"Amanda","Davis","Government Officer",66,"52"
"George","Francis","Government Officer",65,"54"
"Mary","Haynes","Government Officer",64,"55"
"Kevin","Morgan","Government Officer",64,"55"
"Miranda","Ruiz","Government Officer",62,"57"
"Richard","Castillo","Government Officer",62,"57"
"Carol","Snyder","Government Officer",61,"59"
"Kaitlyn","Frazier","Government Officer",61,"59"
"George","Duran","Government Officer",60,"61"
"Maria","Perkins","Lawyer",100,"1"
"Lauren","Cordova","Lawyer",100,"1"
"Allison","Hendricks","Lawyer",99,"3"
"Charles","Reid","Lawyer",99,"3"
"Brenda","Collins","Lawyer",99,"3"
"Patricia","Phelps","Lawyer",98,"6"
"Gary","Patel","Lawyer",98,"6"
"Joan","Frederick","Lawyer",98,"6"
"Gary","Odonnell","Lawyer",98,"6"
"Lacey","Norris","Lawyer",97,"10"
"Jesus","Jones","Lawyer",97,"10"
"Anthony","Arnold","Lawyer",97,"10"
"Christina","Martinez","Lawyer",96,"13"
"Casey","Galvan","Lawyer",96,"13"
"Joseph","Jones","Lawyer",96,"13"
"Ebony","Shepherd","Lawyer",96,"13"
"Robert","Salazar","Lawyer",96,"13"
"Alison","Palmer","Lawyer",96,"13"
"Craig","Graham","Lawyer",96,"13"
"Kyle","James","Lawyer",95,"20"
"Cody","Jimenez","Lawyer",95,"20"
"Ashley","Baker","Lawyer",95,"20"
"Jeremy","Cook","Lawyer",95,"20"
"Bridget","Martin","Lawyer",95,"20"
"Sydney","Wood","Lawyer",94,"25"
"Kathleen","Simpson","Lawyer",94,"25"
"Robert","Swanson","Lawyer",94,"25"
"Chad","Gomez","Lawyer",94,"25"
"Jonathon","Wilson","Lawyer",94,"25"
"Paul","Casey","Lawyer",93,"30"
"Elizabeth","Martin","Lawyer",93,"30"
"Wendy","Warner","Lawyer",93,"30"
"Charlotte","Zuniga","Lawyer",93,"30"
"Renee","Smith","Lawyer",92,"34"
"Kevin","Joyce","Lawyer",92,"34"
"Jon","Mendoza","Lawyer",92,"34"
"Eric","Obrien","Lawyer",92,"34"
"Steven","Webster","Lawyer",92,"34"
"Philip","Walker","Lawyer",90,"39"
"Debra","Gutierrez","Lawyer",90,"39"
"Daniel","Lee","Lawyer",90,"39"
"Michael","Vance","Lawyer",90,"39"
"Alexander","Mitchell","Lawyer",89,"43"
"Jessica","Smith","Lawyer",89,"43"
"Jennifer","Arnold","Lawyer",89,"43"
"Linda","West","Lawyer",89,"43"
"William","Smith","Lawyer",88,"47"
"Amber","Stuart","Lawyer",88,"47"
"Austin","Sanders","Lawyer",87,"49"
"Randy","Lopez","Lawyer",87,"49"
"Katie","Davenport","Lawyer",86,"51"
"Laura","Sanders","Lawyer",85,"52"
"William","Kennedy","Lawyer",85,"52"
"Michael","Ferguson","Lawyer",85,"52"
"Gary","Rivera","Lawyer",85,"52"
"Patricia","Hall","Lawyer",85,"52"
"Kyle","Novak","Lawyer",85,"52"
"Derrick","Figueroa","Lawyer",85,"52"
"Connor","Mitchell","Lawyer",84,"59"
"Donald","Coleman","Lawyer",84,"59"
"Benjamin","Davis","Lawyer",83,"61"
"Allison","Henderson","Lawyer",83,"61"
"George","Kerr","Lawyer",83,"61"
"Randy","Rodriguez","Lawyer",82,"64"
"Jeffrey","Conley","Lawyer",82,"64"
"Leslie","Mercado","Lawyer",82,"64"
"Laura","Miller","Lawyer",81,"67"
"Susan","Brown","Lawyer",81,"67"
"Erin","Cannon","Lawyer",81,"67"
"Christopher","Mcconnell","Lawyer",80,"70"
"Larry","Bruce","Lawyer",80,"70"
"Charlotte","Rowe","Lawyer",79,"72"
"Kyle","Garcia","Lawyer",79,"72"
"Cathy","Wilson","Lawyer",79,"72"
"Karen","Ramsey","Lawyer",78,"75"
"Christina","Velasquez","Lawyer",78,"75"
"Joseph","Garcia","Lawyer",77,"77"
"Jessica","Waters","Lawyer",77,"77"
"Jennifer","Salas","Lawyer",77,"77"
"Christopher","Murphy","Lawyer",76,"80"
"Rebecca","Norris","Lawyer",76,"80"
"Michael","Davis","Lawyer",76,"80"
"Ronald","Brewer","Lawyer",76,"80"
"Laura","Barber","Lawyer",76,"80"
"Andrew","Thomas","Lawyer",75,"85"
"John","Bennett","Lawyer",75,"85"
"Jason","Bell","Lawyer",75,"85"
"Bradley","Avery","Lawyer",75,"85"
"Eric","Erickson","Lawyer",74,"89"
"Kelly","Schwartz","Lawyer",74,"89"
"Brittany","Orozco","Lawyer",74,"89"
"Sandra","Thornton","Lawyer",73,"92"
"Sabrina","Davis","Lawyer",73,"92"
"Kenneth","Clark","Lawyer",72,"94"
"John","Owen","Lawyer",72,"94"
"Shane","Lopez","Lawyer",72,"94"
"Kendra","Dalton","Lawyer",71,"97"
"Michelle","Lopez","Lawyer",71,"97"
"Brian","Griffin","Lawyer",71,"97"
"Michael","York","Lawyer",71,"97"
"Rebecca","Clark","Lawyer",70,"101"
"Deanna","Coleman","Lawyer",70,"101"
"Vicki","Jackson","Lawyer",69,"103"
"Krista","Myers","Lawyer",69,"103"
"Renee","Smith","Lawyer",69,"103"
"Robin","Reeves","Lawyer",69,"103"
"Christina","Patterson","Lawyer",69,"103"
"Courtney","Rodriguez","Lawyer",68,"108"
"Peter","Peck","Lawyer",68,"108"
"William","Fleming","Lawyer",68,"108"
"Sandra","Prince","Lawyer",67,"111"
"Elizabeth","Smith","Lawyer",67,"111"
"Jennifer","Kemp","Lawyer",67,"111"
"Andre","Hoffman","Lawyer",67,"111"
"Stephanie","Hernandez","Lawyer",66,"115"
"Regina","Spencer","Lawyer",66,"115"
"Trevor","Stark","Lawyer",66,"115"
"Kathryn","Frazier","Lawyer",65,"118"
"Michael","Mccarthy","Lawyer",65,"118"
"Matthew","Jackson","Lawyer",65,"118"
"Natasha","Butler","Lawyer",64,"121"
"Robert","Ross","Lawyer",64,"121"
"Calvin","Huynh","Lawyer",64,"121"
"Anna","Wolf","Lawyer",63,"124"
"Curtis","Bennett","Lawyer",63,"124"
"Taylor","Nelson","Lawyer",63,"124"
"Nichole","Harrington","Lawyer",62,"127"
"Kyle","Williams","Lawyer",62,"127"
"Christopher","Evans","Lawyer",62,"127"
"Katherine","Taylor","Lawyer",62,"127"
"Stephen","Gallagher","Lawyer",62,"127"
"Brittany","Koch","Lawyer",61,"132"
"Matthew","Bartlett","Lawyer",61,"132"
"Wayne","Lane","Lawyer",61,"132"
"Christopher","Lester","Lawyer",60,"135"
"Patrick","Kirk","Lawyer",60,"135"
"Penny","Zuniga","Lawyer",60,"135"
"Matthew","Anderson","Lawyer",60,"135"
"Beth","Jones","Real Estate Developer",100,"1"
"Robert","Hernandez","Real Estate Developer",100,"1"
"Madison","Jacobs","Real Estate Developer",100,"1"
"Beth","Stephens","Real Estate Developer",100,"1"
"Stephanie","Clark","Real Estate Developer",99,"5"
"Kimberly","Bailey","Real Estate Developer",99,"5"
"Ashley","Ayers","Real Estate Developer",99,"5"
"Caroline","Cooper","Real Estate Developer",98,"8"
"Hailey","Arroyo","Real Estate Developer",98,"8"
"Robert","Torres","Real Estate Developer",98,"8"
"Christine","Larson","Real Estate Developer",98,"8"
"Jose","Dominguez","Real Estate Developer",98,"8"
"Jeffrey","Thomas","Real Estate Developer",97,"13"
"Justin","Lynch","Real Estate Developer",96,"14"
"Emily","Mason","Real Estate Developer",95,"15"
"Jeremy","Brown","Real Estate Developer",95,"15"
"Charles","Parker","Real Estate Developer",94,"17"
"Alexandra","Blackburn","Real Estate Developer",94,"17"
"Thomas","White","Real Estate Developer",93,"19"
"Sheena","Murphy","Real Estate Developer",93,"19"
"Luis","Knight","Real Estate Developer",93,"19"
"Heather","Davis","Real Estate Developer",92,"22"
"Sharon","Nelson","Real Estate Developer",92,"22"
"Daniel","Guerrero","Real Estate Developer",92,"22"
"Anthony","Silva","Real Estate Developer",91,"25"
"Elizabeth","Hawkins","Real Estate Developer",91,"25"
"Christine","Hernandez","Real Estate Developer",91,"25"
"Ashley","Garcia","Real Estate Developer",90,"28"
"Jacqueline","Allen","Real Estate Developer",90,"28"
"Jennifer","Mccoy","Real Estate Developer",89,"30"
"Chad","Taylor","Real Estate Developer",89,"30"
"Amy","Moore","Real Estate Developer",88,"32"
"David","Schmidt","Real Estate Developer",88,"32"
"Matthew","Cantu","Real Estate Developer",88,"32"
"Shannon","Weber","Real Estate Developer",88,"32"
"Ann","Evans","Real Estate Developer",85,"36"
"Erin","Ray","Real Estate Developer",84,"37"
"David","Mays","Real Estate Developer",83,"38"
"William","Graves","Real Estate Developer",82,"39"
"Carla","Jackson","Real Estate Developer",82,"39"
"Lance","Parsons","Real Estate Developer",82,"39"
"Joshua","Walker","Real Estate Developer",81,"42"
"Maureen","Cain","Real Estate Developer",81,"42"
"Frank","Lopez","Real Estate Developer",81,"42"
"Sean","Rodriguez","Real Estate Developer",80,"45"
"Nicole","Williams","Real Estate Developer",80,"45"
"Sarah","Wells","Real Estate Developer",78,"47"
"David","Coffey","Real Estate Developer",78,"47"
"Justin","Kim","Real Estate Developer",78,"47"
"Monica","Dalton","Real Estate Developer",76,"50"
"Catherine","Boyle","Real Estate Developer",76,"50"
"Kevin","Hess","Real Estate Developer",76,"50"
"Willie","Elliott","Real Estate Developer",76,"50"
"Jessica","Williams","Real Estate Developer",75,"54"
"Tyler","Carrillo","Real Estate Developer",74,"55"
"Samantha","Rodriguez","Real Estate Developer",74,"55"
"Mary","Malone","Real Estate Developer",74,"55"
"Steven","Stephens","Real Estate Developer",73,"58"
"Rebecca","Spencer","Real Estate Developer",73,"58"
"Henry","Spencer","Real Estate Developer",72,"60"
"Richard","Cortez","Real Estate Developer",72,"60"
"Pamela","Gomez","Real Estate Developer",72,"60"
"Teresa","Flores","Real Estate Developer",71,"63"
"Ryan","Salazar","Real Estate Developer",71,"63"
"Christian","Wilkins","Real Estate Developer",71,"63"
"Michelle","Mendoza","Real Estate Developer",70,"66"
"Brenda","Powers","Real Estate Developer",70,"66"
"Jessica","Shannon","Real Estate Developer",70,"66"
"Veronica","Hopkins","Real Estate Developer",69,"69"
"Victor","Jones","Real Estate Developer",68,"70"
"Sharon","Ramirez","Real Estate Developer",68,"70"
"Ashley","York","Real Estate Developer",68,"70"
"Dennis","Summers","Real Estate Developer",67,"73"
"Jeremy","Harvey","Real Estate Developer",67,"73"
"Joan","Cohen","Real Estate Developer",64,"75"
"Dustin","Stanley","Real Estate Developer",64,"75"
"Elizabeth","Parks","Real Estate Developer",64,"75"
"Victor","Bright","Real Estate Developer",62,"78"
"Tyler","Green","Real Estate Developer",62,"78"
"Cynthia","Brown","Real Estate Developer",62,"78"
"Willie","Miller","Real Estate Developer",61,"81"
"Roberto","Evans","Real Estate Developer",61,"81"
"Amanda","Bush","Real Estate Developer",60,"83"
"Brianna","Gutierrez","Scientist",100,"1"
"Zachary","Houston","Scientist",100,"1"
"John","Carey","Scientist",100,"1"
"Julie","Rogers","Scientist",99,"4"
"Charles","Butler","Scientist",99,"4"
"James","Acosta","Scientist",98,"6"
"Sonia","Bowers","Scientist",98,"6"
"Daniel","Knight","Scientist",98,"6"
"Sabrina","Zavala","Scientist",96,"9"
"Jorge","Roth","Scientist",96,"9"
"Michael","Gordon","Scientist",96,"9"
"Tiffany","Jones","Scientist",96,"9"
"Kevin","Koch","Scientist",96,"9"
"Donna","Horne","Scientist",95,"14"
"Lee","Campbell","Scientist",95,"14"
"Wanda","Pearson","Scientist",95,"14"
"Daniel","Gonzalez","Scientist",94,"17"
"Breanna","Lee","Scientist",93,"18"
"Vicki","Thompson","Scientist",93,"18"
"Angelica","Johnson","Scientist",93,"18"
"Jose","Wood","Scientist",93,"18"
"Kyle","Harrison","Scientist",92,"22"
"Brandy","Maldonado","Scientist",92,"22"
"Jason","Thomas","Scientist",91,"24"
"April","Delgado","Scientist",91,"24"
"Amanda","Hernandez","Scientist",90,"26"
"Christina","Garrett","Scientist",90,"26"
"Erik","Butler","Scientist",89,"28"
"Grant","Mason","Scientist",89,"28"
"Amanda","Cox","Scientist",89,"28"
"Beverly","Dawson","Scientist",86,"31"
"Pamela","Green","Scientist",85,"32"
"Brian","Adams","Scientist",84,"33"
"Christina","Guerrero","Scientist",83,"34"
"Brandon","Foster","Scientist",83,"34"
"David","Harris","Scientist",83,"34"
"Benjamin","Morse","Scientist",83,"34"
"Robin","Carr","Scientist",81,"38"
"Christopher","Stephens","Scientist",80,"39"
"Melissa","Mendoza","Software Engineer",100,"1"
"Pamela","Flores","Software Engineer",100,"1"
"Curtis","Duffy","Software Engineer",100,"1"
"Christopher","Gutierrez","Software Engineer",100,"1"
"Melissa","Robinson","Software Engineer",100,"1"
"Jennifer","Torres","Software Engineer",100,"1"
"Jacqueline","Goodman","Software Engineer",100,"1"
"Billy","Compton","Software Engineer",100,"1"
"Martin","Franco","Software Engineer",100,"1"
"Abigail","Perez","Software Engineer",100,"1"
"Dylan","Rogers","Software Engineer",99,"11"
"Thomas","Buckley","Software Engineer",99,"11"
"Jessica","Young","Software Engineer",99,"11"
"David","Barnett","Software Engineer",99,"11"
"Nicole","Rice","Software Engineer",99,"11"
"Lisa","Bailey","Software Engineer",99,"11"
"William","Torres","Software Engineer",98,"17"
"Sandra","Melendez","Software Engineer",98,"17"
"James","Glover","Software Engineer",98,"17"
"Cody","Burke","Software Engineer",98,"17"
"Jessica","Marshall","Software Engineer",98,"17"
"Jessica","Boyd","Software Engineer",98,"17"
"Andrea","Richards","Software Engineer",98,"17"
"Nathaniel","Adams","Software Engineer",98,"17"
"Angela","Rios","Software Engineer",98,"17"
"David","Flores","Software Engineer",97,"26"
"Anthony","Smith","Software Engineer",97,"26"
"Teresa","Lee","Software Engineer",97,"26"
"Timothy","Hall","Software Engineer",97,"26"
"Natalie","Williams","Software Engineer",97,"26"
"Katherine","Jacobson","Software Engineer",96,"31"
"Tyler","Griffin","Software Engineer",96,"31"
"Michael","Ball","Software Engineer",96,"31"
"Anthony","Adams","Software Engineer",96,"31"
"Andrea","Case","Software Engineer",96,"31"
"Mary","Wyatt","Software Engineer",96,"31"
"Claudia","Munoz","Software Engineer",96,"31"
"Andrew","Sanders","Software Engineer",96,"31"
"Shelly","Dominguez","Software Engineer",96,"31"
"Eric","Davis","Software Engineer",95,"40"
"Isaac","Tucker","Software Engineer",95,"40"
"Austin","Bass","Software Engineer",95,"40"
"Stacy","Jordan","Software Engineer",95,"40"
"Keith","Hunt","Software Engineer",95,"40"
"Cynthia","Rodriguez","Software Engineer",95,"40"
"Cynthia","Martinez","Software Engineer",95,"40"
"Angela","Elliott","Software Engineer",95,"40"
"Michael","Adams","Software Engineer",95,"40"
"Elizabeth","Butler","Software Engineer",94,"49"
"Christopher","Price","Software Engineer",94,"49"
"Karen","Watson","Software Engineer",94,"49"
"Maria","Adams","Software Engineer",94,"49"
"Andrew","Dixon","Software Engineer",94,"49"
"April","Humphrey","Software Engineer",94,"49"
"Jacob","Ross","Software Engineer",94,"49"
"Christopher","Ayala","Software Engineer",93,"56"
"Melissa","Campbell","Software Engineer",93,"56"
"Miguel","Nicholson","Software Engineer",93,"56"
"William","Lee","Software Engineer",93,"56"
"David","Jones","Software Engineer",93,"56"
"Judy","Pugh","Software Engineer",92,"61"
"Douglas","Irwin","Software Engineer",92,"61"
"Sarah","Santiago","Software Engineer",92,"61"
"Nicholas","Lester","Software Engineer",92,"61"
"Bryan","Mitchell","Software Engineer",92,"61"
"Anthony","Palmer","Software Engineer",92,"61"
"Phillip","Lynch","Software Engineer",92,"61"
"Melissa","Higgins","Software Engineer",92,"61"
"Jordan","Perez","Software Engineer",91,"69"
"Cory","Cook","Software Engineer",91,"69"
"Alex","Shelton","Software Engineer",91,"69"
"Carol","Cortez","Software Engineer",91,"69"
"John","Castillo","Software Engineer",91,"69"
"Jennifer","Baxter","Software Engineer",91,"69"
"Joseph","Carpenter","Software Engineer",91,"69"
"Peter","Garner","Software Engineer",91,"69"
"Darrell","Williams","Software Engineer",91,"69"
"Megan","Whitaker","Software Engineer",91,"69"
"Nicholas","Martin","Software Engineer",91,"69"
"Jeffrey","Cox","Software Engineer",90,"80"
"Joshua","Miller","Software Engineer",90,"80"
"Patrick","Vazquez","Software Engineer",90,"80"
"Casey","May","Software Engineer",90,"80"
"Garrett","Nichols","Software Engineer",90,"80"
"Cassandra","West","Software Engineer",90,"80"
"Melissa","Edwards","Software Engineer",90,"80"
"Duane","Meyers","Software Engineer",90,"80"
"Lori","Roberts","Software Engineer",90,"80"
"Clayton","Green","Software Engineer",90,"80"
"George","King","Software Engineer",90,"80"
"Mary","Taylor","Software Engineer",90,"80"
"Lauren","Harrington","Software Engineer",90,"80"
"Paul","Shaffer","Software Engineer",90,"80"
"Shawn","Chase","Software Engineer",89,"94"
"Dale","Martinez","Software Engineer",89,"94"
"Victoria","Jones","Software Engineer",89,"94"
"Travis","Ross","Software Engineer",89,"94"
"Melissa","Williamson","Software Engineer",89,"94"
"Clinton","Martin","Software Engineer",89,"94"
"Andrea","Sutton","Software Engineer",89,"94"
"Kelly","Morris","Software Engineer",89,"94"
"William","Kelly","Software Engineer",88,"102"
"Angela","Moore","Software Engineer",88,"102"
"Robert","Foley","Software Engineer",88,"102"
"Megan","Alexander","Software Engineer",88,"102"
"Angel","Garner","Software Engineer",88,"102"
"Pamela","Moyer","Software Engineer",88,"102"
"Douglas","Clark","Software Engineer",88,"102"
"Michael","James","Software Engineer",88,"102"
"Francisco","Reilly","Software Engineer",88,"102"
"Kimberly","Torres","Software Engineer",88,"102"
"Thomas","Ward","Software Engineer",88,"102"
"Linda","Adams","Software Engineer",88,"102"
"Daniel","Peterson","Software Engineer",87,"114"
"Lisa","Gardner","Software Engineer",87,"114"
"Timothy","Mann","Software Engineer",87,"114"
"Angie","Miller","Software Engineer",87,"114"
"Amy","Dominguez","Software Engineer",87,"114"
"Matthew","Jones","Software Engineer",87,"114"
"James","Singh","Software Engineer",87,"114"
"Cynthia","Baker","Software Engineer",87,"114"
"Todd","Griffith","Software Engineer",87,"114"
"Joseph","Jackson","Software Engineer",87,"114"
"Robert","Black","Software Engineer",86,"124"
"Maria","Mercer","Software Engineer",86,"124"
"Cheryl","Gutierrez","Software Engineer",86,"124"
"Ronald","Palmer","Software Engineer",86,"124"
"Charles","Thomas","Software Engineer",86,"124"
"Joseph","Erickson","Software Engineer",86,"124"
"Sydney","Johnson","Software Engineer",86,"124"
"Samuel","Thompson","Software Engineer",86,"124"
"Thomas","Nguyen","Software Engineer",86,"124"
"Shane","Payne","Software Engineer",85,"133"
"Lisa","Benitez","Software Engineer",85,"133"
"Michelle","Roth","Software Engineer",85,"133"
"Maxwell","Davidson","Software Engineer",85,"133"
"Nancy","Moore","Software Engineer",85,"133"
"Henry","Davis","Software Engineer",85,"133"
"Rachel","Hill","Software Engineer",85,"133"
"Gabriela","Martinez","Software Engineer",85,"133"
"Ann","Mccann","Software Engineer",84,"141"
"Lisa","Stewart","Software Engineer",84,"141"
"Ashley","Blankenship","Software Engineer",84,"141"
"David","Ochoa","Software Engineer",84,"141"
"Timothy","Fowler","Software Engineer",84,"141"
"Jennifer","Murphy","Software Engineer",84,"141"
"Mark","Sanchez","Software Engineer",84,"141"
"Victoria","Taylor","Software Engineer",83,"148"
"Marissa","May","Software Engineer",83,"148"
"Laura","Romero","Software Engineer",83,"148"
"Robert","Brown","Software Engineer",83,"148"
"Yvette","Bridges","Software Engineer",83,"148"
"Christopher","Jensen","Software Engineer",83,"148"
"Chris","Greene","Software Engineer",82,"154"
"Michael","Webb","Software Engineer",82,"154"
"Jaime","Morrison","Software Engineer",82,"154"
"Michael","Moon","Software Engineer",82,"154"
"Tina","Smith","Software Engineer",82,"154"
"George","Short","Software Engineer",82,"154"
"Margaret","Mullins","Software Engineer",81,"160"
"Angelica","Jones","Software Engineer",81,"160"
"Jeffrey","Booker","Software Engineer",81,"160"
"Brandon","Butler","Software Engineer",81,"160"
"Joseph","Landry","Software Engineer",81,"160"
"Richard","Ryan","Software Engineer",81,"160"
"William","Ryan","Software Engineer",81,"160"
"Rachel","Grant","Software Engineer",81,"160"
"Valerie","Nichols","Software Engineer",81,"160"
"Maxwell","Davis","Software Engineer",81,"160"
"Heather","Johnson","Software Engineer",81,"160"
"Brenda","Houston","Software Engineer",80,"171"
"Kimberly","Miller","Software Engineer",80,"171"
"Gregory","Schaefer","Software Engineer",80,"171"
"Harold","Vazquez","Software Engineer",80,"171"
"Jeffrey","Young","Software Engineer",80,"171"
"Benjamin","Marks","Software Engineer",80,"171"
"Desiree","Moore","Software Engineer",80,"171"
"Melissa","Marshall","Software Engineer",80,"171"
"Sean","Thomas","Software Engineer",80,"171"
"Melissa","Jackson","Software Engineer",79,"180"
"Michael","Anderson","Software Engineer",79,"180"
"Rachel","Alvarez","Software Engineer",79,"180"
"Mike","Harris","Software Engineer",79,"180"
"Shelley","Murphy","Software Engineer",79,"180"
"Catherine","Brooks","Software Engineer",79,"180"
"Jennifer","Palmer","Software Engineer",79,"180"
"Autumn","Jones","Software Engineer",79,"180"
"Catherine","May","Software Engineer",79,"180"
"Tracie","Weeks","Software Engineer",79,"180"
"Michele","Stout","Software Engineer",79,"180"
"Michael","Anderson","Software Engineer",78,"191"
"Allen","Farmer","Software Engineer",78,"191"
"Luke","Moore","Software Engineer",78,"191"
"Alicia","Rodriguez","Software Engineer",78,"191"
"David","Shaw","Software Engineer",77,"195"
"Nancy","Esparza","Software Engineer",77,"195"
"Kendra","Robertson","Software Engineer",77,"195"
"Jesse","Hawkins","Software Engineer",77,"195"
"Benjamin","Davis","Software Engineer",77,"195"
"Thomas","Ball","Software Engineer",77,"195"
"Maria","Obrien","Software Engineer",76,"201"
"Tony","Castillo","Software Engineer",76,"201"
"Hannah","Garcia","Software Engineer",76,"201"
"Brandi","Bauer","Software Engineer",76,"201"
"Tara","Haynes","Software Engineer",76,"201"
"Adam","Mitchell","Software Engineer",76,"201"
"Marcus","Howard","Software Engineer",75,"207"
"Brian","David","Software Engineer",75,"207"
"Robert","Barnett","Software Engineer",75,"207"
"Michael","Vang","Software Engineer",75,"207"
"Michael","Walsh","Software Engineer",75,"207"
"Alexandra","Day","Software Engineer",75,"207"
"Charles","Robertson","Software Engineer",75,"207"
"Evan","Holmes","Software Engineer",75,"207"
"David","Ramirez","Software Engineer",75,"207"
"Lori","Johnson","Software Engineer",74,"216"
"John","Miller","Software Engineer",74,"216"
"Miranda","Johnson","Software Engineer",74,"216"
"Nathan","Armstrong","Software Engineer",74,"216"
"Eric","Heath","Software Engineer",74,"216"
"Thomas","Brooks","Software Engineer",74,"216"
"Luis","Frank","Software Engineer",74,"216"
"Vincent","Wilson","Software Engineer",73,"223"
"Stacey","Williams","Software Engineer",73,"223"
"Thomas","Gilbert","Software Engineer",73,"223"
"Robert","Parsons","Software Engineer",73,"223"
"Rachel","Hall","Software Engineer",73,"223"
"Jessica","Mendoza","Software Engineer",73,"223"
"Tyler","Cabrera","Software Engineer",73,"223"
"Brian","Baker","Software Engineer",73,"223"
"Ashley","Gutierrez","Software Engineer",73,"223"
"Tim","Nichols","Software Engineer",72,"232"
"Roberto","Rodriguez","Software Engineer",72,"232"
"Angela","Thomas","Software Engineer",72,"232"
"Stephanie","Green","Software Engineer",72,"232"
"Peter","Vargas","Software Engineer",72,"232"
"Elizabeth","Adams","Software Engineer",72,"232"
"Kimberly","Brooks","Software Engineer",72,"232"
"Levi","Mason","Software Engineer",72,"232"
"William","Avery","Software Engineer",72,"232"
"Patricia","Garrison","Software Engineer",71,"241"
"David","Barron","Software Engineer",71,"241"
"Jordan","Rocha","Software Engineer",71,"241"
"Dorothy","Mitchell","Software Engineer",71,"241"
"Joseph","Mcconnell","Software Engineer",71,"241"
"Brett","Bell","Software Engineer",70,"246"
"Tracy","Hendricks","Software Engineer",70,"246"
"Daniel","Brewer","Software Engineer",70,"246"
"Samantha","Cole","Software Engineer",70,"246"
"Meredith","Clark","Software Engineer",69,"250"
"Destiny","Rhodes","Software Engineer",69,"250"
"Matthew","Griffin","Software Engineer",69,"250"
"Peter","Anderson","Software Engineer",69,"250"
"Jason","Myers","Software Engineer",69,"250"
"Dennis","Kim","Software Engineer",69,"250"
"David","Sloan","Software Engineer",69,"250"
"Tina","Perkins","Software Engineer",69,"250"
"Stephanie","Bush","Software Engineer",69,"250"
"Melanie","Clark","Software Engineer",68,"259"
"Jamie","Suarez","Software Engineer",68,"259"
"Alyssa","Costa","Software Engineer",68,"259"
"Bryan","Pacheco","Software Engineer",68,"259"
"James","Reynolds","Software Engineer",68,"259"
"Andrew","Smith","Software Engineer",68,"259"
"Bruce","Woods","Software Engineer",68,"259"
"Jacob","Hall","Software Engineer",67,"266"
"Natalie","Garrison","Software Engineer",67,"266"
"Evan","Christian","Software Engineer",67,"266"
"Christopher","Pace","Software Engineer",66,"269"
"Michael","Aguirre","Software Engineer",66,"269"
"Anthony","Smith","Software Engineer",66,"269"
"Laura","Rivera","Software Engineer",66,"269"
"Jodi","Price","Software Engineer",66,"269"
"Tony","Hopkins","Software Engineer",65,"274"
"Joshua","Cervantes","Software Engineer",65,"274"
"Charles","Gill","Software Engineer",65,"274"
"Rebecca","Molina","Software Engineer",65,"274"
"Bryan","Grimes","Software Engineer",65,"274"
"Madeline","Holmes","Software Engineer",65,"274"
"Adam","Herring","Software Engineer",65,"274"
"Victoria","Alvarez","Software Engineer",64,"281"
"Anna","Li","Software Engineer",64,"281"
"Anthony","Moore","Software Engineer",64,"281"
"Gwendolyn","Martinez","Software Engineer",64,"281"
"Deborah","Hood","Software Engineer",64,"281"
"Jacob","Hanson","Software Engineer",64,"281"
"Margaret","Sanchez","Software Engineer",64,"281"
"Shane","Parker","Software Engineer",64,"281"
"Emily","Holloway","Software Engineer",64,"281"
"Madison","Cross","Software Engineer",63,"290"
"Carla","Davis","Software Engineer",63,"290"
"Melinda","Velazquez","Software Engineer",63,"290"
"Christopher","Banks","Software Engineer",62,"293"
"Erin","Moore","Software Engineer",62,"293"
"Mark","Myers","Software Engineer",62,"293"
"Scott","Owens","Software Engineer",62,"293"
"John","Perez","Software Engineer",62,"293"
"Taylor","Klein","Software Engineer",62,"293"
"Eric","Snyder","Software Engineer",62,"293"
"Eric","Jones","Software Engineer",61,"300"
"Jennifer","Baker","Software Engineer",61,"300"
"Heather","Fitzpatrick","Software Engineer",61,"300"
"Rebecca","Larsen","Software Engineer",61,"300"
"Jimmy","Warren","Software Engineer",61,"300"
"Douglas","Robertson","Software Engineer",61,"300"
"Keith","Smith","Software Engineer",61,"300"
"Erik","Miller","Software Engineer",60,"307"
"Lisa","White","Software Engineer",60,"307"
"William","Brown","Software Engineer",60,"307"
"David","Brown","Software Engineer",60,"307"
"Jennifer","Garcia","Software Engineer",60,"307"
"Emily","Hebert","Software Engineer",60,"307"
"Michelle","Guerrero","Software Engineer",60,"307"
"Katie","Clark","Software Engineer",60,"307"
"Nicholas","Hart","Software Engineer",60,"307"
"Steve","Kelly","Stock Investor",100,"1"
"Christopher","Gonzales","Stock Investor",99,"2"
"Debra","Brown","Stock Investor",98,"3"
"Emily","Waters","Stock Investor",98,"3"
"Samuel","Baker","Stock Investor",97,"5"
"William","Clay","Stock Investor",97,"5"
"Stephen","Hawkins","Stock Investor",96,"7"
"Justin","Hughes","Stock Investor",96,"7"
"Christopher","Stewart","Stock Investor",96,"7"
"Derrick","Ortiz","Stock Investor",96,"7"
"Chelsea","Clark","Stock Investor",95,"11"
"Catherine","Weiss","Stock Investor",94,"12"
"Jerry","Knight","Stock Investor",93,"13"
"Adriana","Sandoval","Stock Investor",93,"13"
"Joseph","Schmidt","Stock Investor",90,"15"
"Courtney","Patterson","Stock Investor",90,"15"
"Amanda","Vasquez","Stock Investor",90,"15"
"Andrew","Smith","Stock Investor",90,"15"
"Joshua","Gonzalez","Stock Investor",89,"19"
"Lindsey","Anthony","Stock Investor",89,"19"
"David","Luna","Stock Investor",89,"19"
"Daniel","Stephens","Stock Investor",88,"22"
"Brandi","Ray","Stock Investor",87,"23"
"Jesse","Johnson","Stock Investor",87,"23"
"Richard","Small","Stock Investor",87,"23"
"Brenda","Rhodes","Stock Investor",86,"26"
"Ryan","Brown","Stock Investor",86,"26"
"Tabitha","Hudson","Stock Investor",85,"28"
"Michael","Evans","Stock Investor",85,"28"
"Victoria","Anderson","Stock Investor",84,"30"
"Robert","Johnson","Stock Investor",84,"30"
"Lisa","Harris","Stock Investor",83,"32"
"Adam","Edwards","Stock Investor",82,"33"
"Dawn","Fox","Stock Investor",82,"33"
"Jennifer","Fuentes","Stock Investor",82,"33"
"Ann","Scott","Stock Investor",82,"33"
"Kelly","Harris","Stock Investor",81,"37"
"Denise","Blackburn","Stock Investor",80,"38"
"Cheryl","Snyder","Stock Investor",79,"39"
"Jacob","Brown","Stock Investor",79,"39"
"Matthew","Griffin","Stock Investor",79,"39"
"Gregory","Ryan","Stock Investor",79,"39"
"Jesse","Garcia","Stock Investor",78,"43"
"Emma","Andrews","Stock Investor",75,"44"
"Kevin","Diaz","Stock Investor",74,"45"
"Dean","Sims","Stock Investor",74,"45"
"Matthew","Potter","Stock Investor",74,"45"
"Mathew","Burns","Stock Investor",74,"45"
"Billy","Soto","Stock Investor",74,"45"
"Albert","Anderson","Stock Investor",73,"50"
"William","Johns","Stock Investor",73,"50"
"Ruben","Meyer","Stock Investor",73,"50"
"Corey","Davis","Stock Investor",72,"53"
"Samuel","Lee","Stock Investor",71,"54"
"Terry","Chen","Stock Investor",70,"55"
"Joshua","Cole","Stock Investor",70,"55"
"Joseph","Phillips","Stock Investor",69,"57"
"Tina","Sparks","Stock Investor",69,"57"
"Robert","Atkins","Stock Investor",68,"59"
"Larry","Smith","Stock Investor",68,"59"
"Robert","Hawkins","Stock Investor",68,"59"
"Daniel","Jackson","Stock Investor",66,"62"
"Erica","Marks","Stock Investor",65,"63"
"Matthew","Peterson","Stock Investor",65,"63"
"Derrick","Hartman","Stock Investor",64,"65"
"Tammy","Andrews","Stock Investor",64,"65"
"Anthony","Walton","Stock Investor",63,"67"
"Franklin","Riley","Stock Investor",61,"68"
"William","Holt","Stock Investor",61,"68"
"Mitchell","Walker","Stock Investor",61,"68"
"Tiffany","Hernandez","Stock Investor",61,"68"
"Nicole","Newman","Stock Investor",61,"68"
"Dennis","Gonzalez","Stock Investor",60,"73"
"Jennifer","Gonzales","Teacher",100,"1"
"Peggy","Hoover","Teacher",100,"1"
"Michele","Thomas","Teacher",99,"3"
"Brenda","Davis","Teacher",99,"3"
"Jessica","Turner","Teacher",99,"3"
"Sharon","Allen","Teacher",98,"6"
"Judy","Mckenzie","Teacher",98,"6"
"Brandy","Campbell","Teacher",98,"6"
"Gabrielle","White","Teacher",97,"9"
"Denise","Schneider","Teacher",96,"10"
"Laura","Thornton","Teacher",95,"11"
"Allison","Bond","Teacher",94,"12"
"Melinda","Payne","Teacher",91,"13"
"Tina","Anderson","Teacher",89,"14"
"Molly","Meadows","Teacher",89,"14"
"Audrey","Simpson","Teacher",88,"16"
"Lauren","Miller","Teacher",88,"16"
"April","Spence","Teacher",87,"18"
"Katherine","Norman","Teacher",86,"19"
"Alicia","Rodriguez","Teacher",85,"20"
"Jaime","Houston","Teacher",85,"20"
"Patricia","Mccormick","Teacher",84,"22"
"Erica","Cochran","Teacher",83,"23"
"Jordan","Bennett","Teacher",83,"23"
"Jennifer","Wright","Teacher",83,"23"
"Nicole","Bell","Teacher",82,"26"
"Angela","Koch","Teacher",82,"26"
"Lisa","Murphy","Teacher",82,"26"
"Nicole","Robinson","Teacher",81,"29"
"Valerie","Romero","Teacher",79,"30"
"Melinda","Sanchez","Teacher",79,"30"
"Brittney","Moon","Teacher",78,"32"
"Angela","Park","Teacher",78,"32"
"Mary","Cox","Teacher",77,"34"
"Kelly","Sanders","Teacher",76,"35"
"Tracy","Martinez","Teacher",76,"35"
"Amy","Hicks","Teacher",74,"37"
"Maureen","Hart","Teacher",74,"37"
"Kathryn","Bates","Teacher",73,"39"
"Natalie","Fitzgerald","Teacher",71,"40"
"Julie","Lambert","Teacher",71,"40"
"Laura","Smith","Teacher",71,"40"
"Nicole","Buchanan","Teacher",71,"40"
"Holly","Richardson","Teacher",70,"44"
"Michelle","Mcdonald","Teacher",70,"44"
"Melissa","Le","Teacher",69,"46"
"Debra","Gilbert","Teacher",69,"46"
"Joan","Estrada","Teacher",67,"48"
"Julie","Gomez","Teacher",66,"49"
"Amanda","Davis","Teacher",66,"49"
"Cynthia","White","Teacher",65,"51"
"Nicole","Grant","Teacher",65,"51"
"Tammie","Stanley","Teacher",65,"51"
"Christine","Nelson","Teacher",65,"51"
"Lisa","Alexander","Teacher",64,"55"
"Aimee","Adams","Teacher",64,"55"
"Nancy","Montes","Teacher",63,"57"
"Robin","Parker","Teacher",61,"58"
"Patricia","Porter","Teacher",60,"59"
"Jillian","Dominguez","Unknown",100,"1"
"Samantha","Anderson","Unknown",100,"1"
"Todd","Howard","Unknown",100,"1"
"Justin","Kelly","Unknown",100,"1"
"Clinton","Randolph","Unknown",100,"1"
"Shannon","Graham","Unknown",99,"6"
"Hayley","Johnson","Unknown",99,"6"
"Scott","Tate","Unknown",99,"6"
"Michelle","Brown","Unknown",99,"6"
"Jennifer","Cummings","Unknown",99,"6"
"John","Henderson","Unknown",99,"6"
"Lisa","Ware","Unknown",98,"12"
"Christie","Lane","Unknown",98,"12"
"Martin","Garcia","Unknown",98,"12"
"Mark","Brown","Unknown",98,"12"
"Justin","Brooks","Unknown",98,"12"
"Justin","Douglas","Unknown",98,"12"
"Ryan","Hull","Unknown",98,"12"
"Michelle","Dixon","Unknown",98,"12"
"Joshua","Parker","Unknown",98,"12"
"Alan","Santos","Unknown",97,"21"
"Deborah","Miller","Unknown",97,"21"
"Amanda","Edwards","Unknown",97,"21"
"Beth","Bonilla","Unknown",97,"21"
"Richard","Davis","Unknown",97,"21"
"Lance","Nelson","Unknown",97,"21"
"Michael","Harrington","Unknown",96,"27"
"Melissa","Finley","Unknown",96,"27"
"Michael","Rivas","Unknown",96,"27"
"Jill","Armstrong","Unknown",96,"27"
"Steven","Allen","Unknown",96,"27"
"Charles","Miller","Unknown",95,"32"
"Sean","Erickson","Unknown",95,"32"
"Gregory","Jones","Unknown",95,"32"
"Brandon","Oliver","Unknown",95,"32"
"David","Wright","Unknown",95,"32"
"Lauren","Morrow","Unknown",95,"32"
"Ashley","Craig","Unknown",94,"38"
"Jessica","Mathews","Unknown",94,"38"
"Rachel","Williams","Unknown",94,"38"
"Sarah","Oconnor","Unknown",94,"38"
"Stanley","Gutierrez","Unknown",94,"38"
"Dana","Lambert","Unknown",94,"38"
"Patrick","Everett","Unknown",94,"38"
"Toni","Smith","Unknown",94,"38"
"Whitney","Miller","Unknown",94,"38"
"Theresa","Tucker","Unknown",94,"38"
"Carla","Parker","Unknown",94,"38"
"Alexander","Fowler","Unknown",93,"49"
"Julie","Zamora","Unknown",93,"49"
"John","Jensen","Unknown",93,"49"
"Samantha","Hopkins","Unknown",93,"49"
"Deborah","Moore","Unknown",93,"49"
"Hector","Garcia","Unknown",92,"54"
"Nancy","Jones","Unknown",92,"54"
"Nathan","Riley","Unknown",92,"54"
"Eric","Moran","Unknown",92,"54"
"Misty","Stewart","Unknown",92,"54"
"David","Mendoza","Unknown",92,"54"
"Rebecca","Carpenter","Unknown",92,"54"
"Steven","Walker","Unknown",91,"61"
"Austin","Matthews","Unknown",91,"61"
"Bonnie","Brown","Unknown",91,"61"
"Lisa","Palmer","Unknown",91,"61"
"Mark","Gardner","Unknown",91,"61"
"Mark","Stevens","Unknown",91,"61"
"Lisa","Burns","Unknown",91,"61"
"Jorge","Lee","Unknown",91,"61"
"Eric","Ross","Unknown",90,"69"
"Jason","Hernandez","Unknown",90,"69"
"Kimberly","Dyer","Unknown",90,"69"
"Ross","Sanchez","Unknown",90,"69"
"Brian","Chan","Unknown",90,"69"
"Sheila","Sosa","Unknown",89,"74"
"Kayla","Krueger","Unknown",89,"74"
"Joseph","Petersen","Unknown",89,"74"
"Jeremy","Barnes","Unknown",89,"74"
"Matthew","Newman","Unknown",88,"78"
"Bethany","French","Unknown",88,"78"
"Chelsea","Taylor","Unknown",87,"80"
"Sarah","Tucker","Unknown",87,"80"
"Victoria","Garcia","Unknown",87,"80"
"Joel","Hicks","Unknown",87,"80"
"Andrew","Hunter","Unknown",86,"84"
"Christopher","Wolfe","Unknown",86,"84"
"Christine","Rivera","Unknown",86,"84"
"Kimberly","Kelly","Unknown",86,"84"
"Anita","Moore","Unknown",85,"88"
"Tamara","Olson","Unknown",85,"88"
"Tammy","Hernandez","Unknown",85,"88"
"Anthony","Oconnor","Unknown",85,"88"
"James","Hudson","Unknown",85,"88"
"Lisa","Best","Unknown",84,"93"
"Madison","Callahan","Unknown",84,"93"
"David","Brown","Unknown",84,"93"
"Luis","Klein","Unknown",84,"93"
"Nancy","Fowler","Unknown",84,"93"
"Debra","Evans","Unknown",84,"93"
"Evan","Francis","Unknown",84,"93"
"Elizabeth","Robinson","Unknown",84,"93"
"Roberto","Martin","Unknown",83,"101"
"Jessica","Smith","Unknown",83,"101"
"Kevin","Ryan","Unknown",82,"103"
"Brendan","Rivera","Unknown",82,"103"
"Thomas","Hernandez","Unknown",82,"103"
"Kelly","Rivera","Unknown",82,"103"
"Jennifer","Miller","Unknown",82,"103"
"James","Clarke","Unknown",82,"103"
"Nicole","Mcdonald","Unknown",82,"103"
"Tanya","Nichols","Unknown",82,"103"
"Kristen","Adams","Unknown",81,"111"
"Adam","Kane","Unknown",81,"111"
"Andrea","Walters","Unknown",81,"111"
"William","Brennan","Unknown",81,"111"
"David","Bates","Unknown",80,"115"
"Amanda","Williamson","Unknown",80,"115"
"Chelsea","Craig","Unknown",80,"115"
"Rhonda","Davenport","Unknown",80,"115"
"Brent","Burton","Unknown",79,"119"
"Courtney","Perry","Unknown",79,"119"
"Sean","Wagner","Unknown",79,"119"
"Christopher","Montgomery","Unknown",79,"119"
"Melissa","Lee","Unknown",79,"119"
"Andrea","Baker","Unknown",78,"124"
"David","Hoffman","Unknown",78,"124"
"Gregory","Lee","Unknown",78,"124"
"Kelly","Farley","Unknown",78,"124"
"Kyle","Rojas","Unknown",78,"124"
"Michelle","Ortiz","Unknown",77,"129"
"Stephanie","Yu","Unknown",77,"129"
"Cynthia","Williams","Unknown",77,"129"
"Lance","Salazar","Unknown",77,"129"
"John","Conley","Unknown",77,"129"
"Annette","Logan","Unknown",77,"129"
"Ryan","Smith","Unknown",77,"129"
"David","Vazquez","Unknown",77,"129"
"Regina","Hernandez","Unknown",77,"129"
"Connor","Olson","Unknown",76,"138"
"Anthony","Cox","Unknown",76,"138"
"Victoria","Donaldson","Unknown",75,"140"
"Donald","Contreras","Unknown",75,"140"
"John","Lin","Unknown",75,"140"
"Mary","Mccormick","Unknown",75,"140"
"James","Castro","Unknown",75,"140"
"Kimberly","Cooper","Unknown",74,"145"
"Thomas","Nelson","Unknown",74,"145"
"Mark","Davis","Unknown",74,"145"
"Timothy","Booth","Unknown",74,"145"
"Ronnie","Nguyen","Unknown",74,"145"
"Lindsay","Brady","Unknown",74,"145"
"Laura","Walker","Unknown",74,"145"
"Douglas","Hayes","Unknown",74,"145"
"Theodore","Williams","Unknown",73,"153"
"Kevin","Camacho","Unknown",73,"153"
"Natalie","Robinson","Unknown",73,"153"
"William","Dean","Unknown",72,"156"
"Danielle","Kelley","Unknown",72,"156"
"Tyler","Moore","Unknown",72,"156"
"Alexandra","Gibson","Unknown",72,"156"
"Wendy","Burch","Unknown",72,"156"
"Alyssa","Miller","Unknown",72,"156"
"Donna","Hoffman","Unknown",72,"156"
"Andrew","Wong","Unknown",71,"163"
"Autumn","Hernandez","Unknown",71,"163"
"Joanna","Dominguez","Unknown",71,"163"
"Manuel","Barrett","Unknown",71,"163"
"Brittany","Spencer","Unknown",71,"163"
"Tiffany","Smith","Unknown",71,"163"
"Diane","Spears","Unknown",71,"163"
"Dawn","Poole","Unknown",70,"170"
"Anthony","Gomez","Unknown",70,"170"
"James","Dawson","Unknown",70,"170"
"Robert","Hill","Unknown",69,"173"
"Katherine","Reyes","Unknown",69,"173"
"Richard","Burke","Unknown",69,"173"
"Kevin","Holt","Unknown",69,"173"
"Joshua","Ayala","Unknown",69,"173"
"Robin","Daniel","Unknown",69,"173"
"Robert","Heath","Unknown",68,"179"
"Phillip","Nelson","Unknown",68,"179"
"Matthew","Guzman","Unknown",68,"179"
"David","Madden","Unknown",67,"182"
"Kelly","Wade","Unknown",67,"182"
"Bobby","Valdez","Unknown",67,"182"
"Amy","Peterson","Unknown",67,"182"
"Jennifer","Guerra","Unknown",67,"182"
"Francis","Nelson","Unknown",67,"182"
"Heather","Gutierrez","Unknown",67,"182"
"Jessica","Jones","Unknown",66,"189"
"Alyssa","Gallagher","Unknown",66,"189"
"Dana","Peters","Unknown",66,"189"
"Christopher","Rios","Unknown",66,"189"
"Hayley","Case","Unknown",66,"189"
"Thomas","Smith","Unknown",66,"189"
"Thomas","Stone","Unknown",66,"189"
"Fernando","Sexton","Unknown",66,"189"
"Cindy","Hamilton","Unknown",66,"189"
"Anthony","Campos","Unknown",65,"198"
"Christopher","Perez","Unknown",65,"198"
"Betty","Nash","Unknown",65,"198"
"Jeffery","Kelley","Unknown",65,"198"
"Austin","Dunn","Unknown",65,"198"
"Chad","Moreno","Unknown",65,"198"
"Michael","Miller","Unknown",64,"204"
"Meredith","Reed","Unknown",64,"204"
"Beth","Bell","Unknown",64,"204"
"Phyllis","Schneider","Unknown",63,"207"
"Christopher","Ramirez","Unknown",63,"207"
"Nicholas","Sanders","Unknown",63,"207"
"Lori","Ryan","Unknown",63,"207"
"Heidi","Ellis","Unknown",62,"211"
"Kenneth","Flores","Unknown",62,"211"
"Jennifer","Johnson","Unknown",62,"211"
"Stacey","Wilson","Unknown",62,"211"
"Jeremy","Ward","Unknown",61,"215"
"Brittany","Simmons","Unknown",61,"215"
"Jessica","Ferrell","Unknown",61,"215"
"Sabrina","Perez","Unknown",61,"215"
"Richard","Gibson","Unknown",61,"215"
"Robert","Holmes","Unknown",60,"220"
"Douglas","Watson","Unknown",60,"220"
"Noah","Mcdaniel","Unknown",60,"220"
"Jennifer","Stewart","Unknown",60,"220"
"Carol","Nguyen","Writer",100,"1"
"Jennifer","West","Writer",100,"1"
"Lisa","Bean","Writer",99,"3"
"Barbara","Petersen","Writer",99,"3"
"Eric","Doyle","Writer",99,"3"
"Gene","Woodward","Writer",97,"6"
"Shelia","Rogers","Writer",96,"7"
"Renee","Cruz","Writer",96,"7"
"Steven","Barrett","Writer",96,"7"
"Henry","Pitts","Writer",95,"10"
"Peter","Gibbs","Writer",93,"11"
"Kimberly","Bonilla","Writer",93,"11"
"Jennifer","Martin","Writer",89,"13"
"John","Mitchell","Writer",87,"14"
"Danielle","Johnson","Writer",86,"15"
"Kelly","Church","Writer",85,"16"
"Terri","Lyons","Writer",82,"17"
"Alexandria","Harris","Writer",82,"17"
"David","Walters","Writer",81,"19"
"Cheryl","Arias","Writer",80,"20"
"Mary","Taylor","Writer",80,"20"
"Derek","Bates","Writer",79,"22"
"Rebecca","Castillo","Writer",78,"23"
"Brian","Gibson","Writer",74,"24"
"Thomas","Calderon","Writer",72,"25"
"Sarah","Murphy","Writer",72,"25"
"Jason","Flores","Writer",71,"27"
"Mark","Duke","Writer",70,"28"
"Julia","Day","Writer",67,"29"
"Chelsea","Mitchell","Writer",65,"30"
"Matthew","Chavez","Writer",65,"30"
"James","Yang","Writer",64,"32"
